name,utc,mjd,ra,dec,dm,snr,width,fluence,z_est
FRB20180725A,2018-07-25 00:00:00,58324,93.42,67.07,715.8093,33.2,0.00295,4.1,0.7158093
FRB20180727A,2018-07-27 00:00:00,58326,197.72,26.42,642.134,12.2,0.00295,2.31,0.642134
FRB20180729A,2018-07-29 00:00:00,58328,199.4,55.58,109.59418,206.6,0.00098,17.0,0.10959418
FRB20180729B,2018-07-29 00:00:00,58328,89.93,56.5,317.2235,22.0,0.00197,1.2,0.3172235
FRB20180730A,2018-07-30 00:00:00,58329,57.39,87.19,848.9041,89.8,0.00492,27.0,0.8489040999999999
FRB20180801A,2018-08-01 00:00:00,58331,322.53,72.72,655.728,40.9,0.00983,7.9,0.655728
FRB20180806A,2018-08-06 00:00:00,58336,228.56,75.62,739.9482,14.4,0.00295,7.6,0.7399482000000001
FRB20180810A,2018-08-10 00:00:00,58340,101.47,34.86,414.8804,16.5,0.00197,1.7,0.4148804
FRB20180810B,2018-08-10 00:00:00,58340,180.41,83.14,169.1385,55.1,0.00098,7.9,0.1691385
FRB20180812A,2018-08-12 00:00:00,58342,19.33,80.78,802.451,20.5,0.00786,5.4,0.802451
FRB20180814B,2018-08-14 00:00:00,58344,238.26,74.02,238.3474,24.4,0.0059,10.6,0.2383474
FRB20180814B,2018-08-14 00:00:00,58344,238.26,74.02,238.3474,24.4,0.0059,10.6,0.2383474
FRB20180814A,2018-08-14 00:00:00,58344,65.54,73.63,189.286,22.1,0.00786,2.6,0.189286
FRB20180817A,2018-08-17 00:00:00,58347,233.2,42.2,1006.7714,65.1,0.01769,29.0,1.0067713999999999
FRB20180904A,2018-09-04 00:00:00,58365,286.58,81.22,361.13741,74.6,0.00197,6.0,0.36113741
FRB20180906A,2018-09-06 00:00:00,58367,141.48,14.29,383.456,10.9,0.00098,2.7,0.383456
FRB20180906B,2018-09-06 00:00:00,58367,185.75,56.42,3038.058,17.9,0.0059,1.5,3.038058
FRB20180907D,2018-09-07 00:00:00,58368,328.95,89.22,1447.098,13.8,0.0059,4.9,1.447098
FRB20180907A,2018-09-07 00:00:00,58368,320.87,29.46,877.24,25.4,0.0059,2.8,0.87724
FRB20180907B,2018-09-07 00:00:00,58368,4.49,19.17,658.1899,19.3,0.00295,2.9,0.6581899
FRB20180907C,2018-09-07 00:00:00,58368,41.72,77.07,638.1999,17.1,0.00197,1.48,0.6381998999999999
FRB20180907E,2018-09-07 00:00:00,58368,167.88,47.09,383.36,20.3,0.0118,6.9,0.38336000000000003
FRB20180908B,2018-09-08 00:00:00,58369,188.22,74.19,195.2393,30.2,0.00786,5.0,0.19523929999999998
FRB20180909A,2018-09-09 00:00:00,58370,123.63,56.76,408.647,13.9,0.01966,1.02,0.408647
FRB20180910A,2018-09-10 00:00:00,58371,352.77,88.21,684.4081,50.4,0.00098,5.6,0.6844081
FRB20180911C,2018-09-11 00:00:00,58372,65.54,73.63,189.84,23.3,0.00688,6.2,0.18984
FRB20180911A,2018-09-11 00:00:00,58372,99.55,84.62,221.254,26.8,0.00197,2.6,0.22125399999999998
FRB20180915A,2018-09-15 00:00:00,58376,280.55,17.91,371.029,16.3,0.00492,6.2,0.371029
FRB20180915B,2018-09-15 00:00:00,58376,225.23,25.02,177.127,36.1,0.00492,3.8,0.177127
FRB20180916A,2018-09-16 00:00:00,58377,348.97,80.33,296.0275,32.5,0.00098,4.5,0.2960275
FRB20180916B,2018-09-16 00:00:00,58377,29.5031258,65.7167542,349.3491,36.7,0.00393,6.1,0.3493491
FRB20180916C,2018-09-16 00:00:00,58377,107.15,45.08,2252.873,15.6,0.00983,2.1,2.252873
FRB20180917B,2018-09-17 00:00:00,58378,238.8,77.53,857.038,24.3,0.01966,8.3,0.857038
FRB20180917A,2018-09-17 00:00:00,58378,65.54,73.63,189.917,46.6,0.06095,46.0,0.189917
FRB20180917A,2018-09-17 00:00:00,58378,65.54,73.63,189.917,46.6,0.06095,46.0,0.189917
FRB20180917A,2018-09-17 00:00:00,58378,65.54,73.63,189.917,46.6,0.06095,46.0,0.189917
FRB20180918A,2018-09-18 00:00:00,58379,301.27,64.96,1453.9882,24.4,0.00295,4.1,1.4539882
FRB20180919B,2018-09-19 00:00:00,58380,5.34,5.94,560.2214,18.8,0.00098,3.0,0.5602214
FRB20180919A,2018-09-19 00:00:00,58380,65.54,73.63,188.85,14.6,0.02163,3.1,0.18885
FRB20180920A,2018-09-20 00:00:00,58381,78.89,28.29,555.66,20.2,0.01475,8.5,0.5556599999999999
FRB20180920B,2018-09-20 00:00:00,58381,191.09,63.52,463.4,15.8,0.01081,1.7,0.4634
FRB20180921A,2018-09-21 00:00:00,58382,28.92,5.05,394.372,11.1,0.00393,2.3,0.394372
FRB20180922A,2018-09-22 00:00:00,58383,342.29,69.67,555.687,32.4,0.00295,7.7,0.555687
FRB20180923A,2018-09-23 00:00:00,58384,327.61,71.92,219.4397,24.3,0.00197,1.2,0.2194397
FRB20180923D,2018-09-23 00:00:00,58384,169.08,48.75,329.3996,91.0,0.00098,2.2,0.3293996
FRB20180923C,2018-09-23 00:00:00,58384,239.14,22.85,173.9839,17.7,0.00197,1.37,0.1739839
FRB20180924A,2018-09-24 00:00:00,58385,35.46,37.52,1116.5456,21.4,0.00295,3.5,1.1165456
FRB20180925A,2018-09-25 00:00:00,58386,74.93,77.99,237.742,13.7,0.01475,8.7,0.23774199999999998
FRB20180925B,2018-09-25 00:00:00,58386,145.45,20.99,667.866,16.1,0.0059,2.7,0.667866
FRB20180928A,2018-09-28 00:00:00,58389,312.95,30.85,252.7681,66.0,0.00295,2.5,0.2527681
FRB20181012B,2018-10-12 00:00:00,58403,206.33,64.15,715.189,16.1,0.00393,1.44,0.715189
FRB20181013A,2018-10-13 00:00:00,58404,262.83,38.41,309.3055,31.4,0.00098,3.5,0.3093055
FRB20181013E,2018-10-13 00:00:00,58404,307.28,69.02,345.297,12.8,0.00295,2.03,0.345297
FRB20181013B,2018-10-13 00:00:00,58404,97.18,52.04,277.507,29.9,0.11993,21.0,0.277507
FRB20181013C,2018-10-13 00:00:00,58404,146.07,34.1,1005.766,15.1,0.00492,1.64,1.005766
FRB20181014A,2018-10-14 00:00:00,58405,46.01,63.33,1314.8896,20.6,0.0059,2.7,1.3148895999999999
FRB20181014B,2018-10-14 00:00:00,58405,78.56,14.66,887.972,26.2,0.00393,1.88,0.887972
FRB20181014C,2018-10-14 00:00:00,58405,117.87,41.59,752.1671,11.1,0.00393,1.48,0.7521671
FRB20181014D,2018-10-14 00:00:00,58405,216.04,-2.93,377.132,13.9,0.00197,18.0,0.377132
FRB20181015A,2018-10-15 00:00:00,58406,175.76,83.58,568.8231,13.3,0.00197,3.4,0.5688230999999999
FRB20181017B,2018-10-17 00:00:00,58408,237.76,78.5,307.369,18.6,0.01278,6.5,0.307369
FRB20181017A,2018-10-17 00:00:00,58408,256.33,68.28,1281.875,22.4,0.03736,16.0,1.281875
FRB20181018B,2018-10-18 00:00:00,58409,336.82,71.91,293.867,51.3,0.00098,7.9,0.29386700000000004
FRB20181018A,2018-10-18 00:00:00,58409,17.03,51.55,1129.449,12.9,0.03146,5.8,1.1294490000000001
FRB20181018C,2018-10-18 00:00:00,58409,67.15,37.57,411.1927,41.7,0.00098,3.3,0.4111927
FRB20181019A,2018-10-19 00:00:00,58410,29.5031258,65.7167542,348.778,27.8,0.00885,10.4,0.34877800000000003
FRB20181019A,2018-10-19 00:00:00,58410,29.5031258,65.7167542,348.778,27.8,0.00885,10.4,0.34877800000000003
FRB20181019B,2018-10-19 00:00:00,58410,37.87,68.18,725.184,10.9,0.00295,2.7,0.7251839999999999
FRB20181019C,2018-10-19 00:00:00,58410,244.7,66.27,501.6356,16.2,0.00197,2.1,0.5016356
FRB20181020A,2018-10-20 00:00:00,58411,322.62,78.83,1112.473,12.2,0.01278,4.9,1.112473
FRB20181022C,2018-10-22 00:00:00,58413,141.56,83.81,528.473,14.2,0.00393,3.2,0.528473
FRB20181022D,2018-10-22 00:00:00,58413,179.18,36.53,514.33426,52.1,0.00197,6.2,0.5143342599999999
FRB20181022E,2018-10-22 00:00:00,58413,221.18,27.13,285.986,18.8,0.00295,2.08,0.28598599999999996
FRB20181025A,2018-10-25 00:00:00,58416,105.78,64.25,592.5644,20.8,0.00197,2.68,0.5925644
FRB20181027A,2018-10-27 00:00:00,58418,131.9,-4.24,727.744,22.3,0.0059,22.0,0.7277440000000001
FRB20181028A,2018-10-28 00:00:00,58419,65.54,73.63,189.1063,98.4,0.03342,22.6,0.1891063
FRB20181028A,2018-10-28 00:00:00,58419,65.54,73.63,189.1063,98.4,0.03342,22.6,0.1891063
FRB20181028A,2018-10-28 00:00:00,58419,65.54,73.63,189.1063,98.4,0.03342,22.6,0.1891063
FRB20181028A,2018-10-28 00:00:00,58419,65.54,73.63,189.1063,98.4,0.03342,22.6,0.1891063
FRB20181028A,2018-10-28 00:00:00,58419,65.54,73.63,189.1063,98.4,0.03342,22.6,0.1891063
FRB20181030C,2018-10-30 00:00:00,58421,309.83,3.99,668.7601,17.0,0.00098,5.5,0.6687601
FRB20181030A,2018-10-30 00:00:00,58421,158.35,73.79,103.396,10.8,0.00197,8.2,0.103396
FRB20181030B,2018-10-30 00:00:00,58421,158.35,73.79,103.6425,32.9,0.00295,6.9,0.1036425
FRB20181030D,2018-10-30 00:00:00,58421,81.79,16.07,289.4422,29.2,0.00295,5.9,0.28944220000000004
FRB20181030E,2018-10-30 00:00:00,58421,135.67,8.89,159.6902,37.7,0.0059,6.3,0.1596902
FRB20181101A,2018-11-01 00:00:00,58423,21.26,53.88,1472.678,41.2,0.03047,10.7,1.4726780000000002
FRB20181102A,2018-11-02 00:00:00,58424,87.22,15.63,414.4649,11.9,0.00098,2.52,0.4144649
FRB20181104A,2018-11-04 00:00:00,58426,29.5031258,65.7167542,349.4388,53.9,0.00295,5.0,0.3494388
FRB20181104B,2018-11-04 00:00:00,58426,29.5031258,65.7167542,350.14,18.6,0.02163,4.4,0.35014
FRB20181104C,2018-11-04 00:00:00,58426,77.05,17.44,580.81762,101.3,0.00098,20.7,0.58081762
FRB20181104C,2018-11-04 00:00:00,58426,77.05,17.44,580.81762,101.3,0.00098,20.7,0.58081762
FRB20181115A,2018-11-15 00:00:00,58437,142.98,56.4,981.613,25.2,0.00492,1.92,0.9816130000000001
FRB20181116A,2018-11-16 00:00:00,58438,36.05,4.52,355.433,35.9,0.00197,5.23,0.355433
FRB20181116B,2018-11-16 00:00:00,58438,232.66,64.94,409.876,25.8,0.00393,1.92,0.40987599999999996
FRB20181117C,2018-11-17 00:00:00,58439,53.21,25.73,1773.7387,36.0,0.00393,3.0,1.7737387
FRB20181117A,2018-11-17 00:00:00,58439,147.73,52.51,959.28,13.5,0.0059,3.1,0.95928
FRB20181117B,2018-11-17 00:00:00,58439,81.09,79.99,538.2,18.9,0.00786,11.0,0.5382
FRB20181117B,2018-11-17 00:00:00,58439,81.09,79.99,538.2,18.9,0.00786,11.0,0.5382
FRB20181118A,2018-11-18 00:00:00,58440,20.65,-6.41,557.4068,13.9,0.00393,10.0,0.5574068
FRB20181118B,2018-11-18 00:00:00,58440,58.28,10.79,422.2771,19.5,0.00393,3.2,0.4222771
FRB20181118C,2018-11-18 00:00:00,58440,65.54,73.63,190.167,17.8,0.00885,1.72,0.190167
FRB20181119B,2018-11-19 00:00:00,58441,299.38,31.12,609.1008,150.9,0.02261,94.0,0.6091008
FRB20181119E,2018-11-19 00:00:00,58441,16.36,60.53,1169.768,11.3,0.00295,2.2,1.169768
FRB20181119D,2018-11-19 00:00:00,58441,82.994575,33.147941,564.367,41.8,0.03637,12.6,0.564367
FRB20181119D,2018-11-19 00:00:00,58441,82.994575,33.147941,564.367,41.8,0.03637,12.6,0.564367
FRB20181119D,2018-11-19 00:00:00,58441,82.994575,33.147941,564.367,41.8,0.03637,12.6,0.564367
FRB20181119A,2018-11-19 00:00:00,58441,190.53,65.13,364.09,21.8,0.02064,3.5,0.36408999999999997
FRB20181119C,2018-11-19 00:00:00,58441,190.1,82.16,284.9594,40.7,0.00098,3.5,0.28495940000000003
FRB20181120B,2018-11-20 00:00:00,58442,29.5031258,65.7167542,349.736,22.1,0.00393,2.74,0.349736
FRB20181120C,2018-11-20 00:00:00,58442,65.54,73.63,191.7,15.1,0.00786,3.7,0.19169999999999998
FRB20181122A,2018-11-22 00:00:00,58444,60.04,55.48,662.821,14.9,0.00295,1.42,0.662821
FRB20181122B,2018-11-22 00:00:00,58444,281.08,85.02,225.75547,122.9,0.00098,22.0,0.22575547
FRB20181123A,2018-11-23 00:00:00,58445,300.76,55.87,798.718,19.7,0.00197,2.5,0.7987179999999999
FRB20181124B,2018-11-24 00:00:00,58446,318.56,29.88,801.6446,33.8,0.00393,4.8,0.8016445999999999
FRB20181124A,2018-11-24 00:00:00,58446,175.98,63.52,1108.532,10.3,0.00492,2.6,1.1085319999999999
FRB20181125A,2018-11-25 00:00:00,58447,147.94,33.93,272.19,34.5,0.01475,3.2,0.27219
FRB20181125A,2018-11-25 00:00:00,58447,147.94,33.93,272.19,34.5,0.01475,3.2,0.27219
FRB20181125A,2018-11-25 00:00:00,58447,147.94,33.93,272.19,34.5,0.01475,3.2,0.27219
FRB20181126A,2018-11-26 00:00:00,58448,262.05,81.17,494.2168,111.0,0.00197,9.4,0.49421679999999996
FRB20181127A,2018-11-27 00:00:00,58449,243.8,25.43,930.317,27.6,0.00393,2.9,0.9303170000000001
FRB20181128A,2018-11-28 00:00:00,58450,73.92,63.22,450.3823,35.7,0.02163,8.1,0.4503823
FRB20181128A,2018-11-28 00:00:00,58450,73.92,63.22,450.3823,35.7,0.02163,8.1,0.4503823
FRB20181128B,2018-11-28 00:00:00,58450,157.22,38.28,456.548,17.2,0.0059,1.95,0.456548
FRB20181128D,2018-11-28 00:00:00,58450,215.62,59.93,146.5012,55.3,0.00197,7.0,0.1465012
FRB20181128C,2018-11-28 00:00:00,58450,268.77,49.71,618.35,22.2,0.01475,3.4,0.6183500000000001
FRB20181128C,2018-11-28 00:00:00,58450,268.77,49.71,618.35,22.2,0.01475,3.4,0.6183500000000001
FRB20181129A,2018-11-29 00:00:00,58451,355.12,44.95,385.9684,34.7,0.00295,3.1,0.3859684
FRB20181129B,2018-11-29 00:00:00,58451,307.56,81.32,405.905,25.7,0.00197,9.5,0.40590499999999996
FRB20181129C,2018-11-29 00:00:00,58451,233.38,40.03,502.2158,23.1,0.00492,3.6,0.5022158
FRB20181130A,2018-11-30 00:00:00,58452,355.19,46.49,220.0896,43.7,0.00098,1.27,0.2200896
FRB20181201A,2018-12-01 00:00:00,58453,214.96,39.27,694.356,43.6,0.12583,18.9,0.694356
FRB20181201B,2018-12-01 00:00:00,58453,273.38,56.31,876.577,17.4,0.00393,2.24,0.876577
FRB20181202A,2018-12-02 00:00:00,58454,351.01,17.36,667.9546,40.6,0.00688,13.7,0.6679546000000001
FRB20181202B,2018-12-02 00:00:00,58454,202.83,64.72,825.8834,20.1,0.00492,4.1,0.8258834
FRB20181202C,2018-12-02 00:00:00,58454,307.13,57.03,557.1604,19.0,0.00786,3.4,0.5571604
FRB20181203A,2018-12-03 00:00:00,58455,33.6,23.57,635.9255,29.4,0.00295,3.6,0.6359255
FRB20181203B,2018-12-03 00:00:00,58455,47.31,24.02,375.3871,35.4,0.00393,4.5,0.3753871
FRB20181203C,2018-12-03 00:00:00,58455,198.48,72.94,2444.57,22.5,0.0118,4.8,2.44457
FRB20181208A,2018-12-08 00:00:00,58460,264.43,62.62,562.777,29.7,0.00492,4.0,0.5627770000000001
FRB20181209A,2018-12-09 00:00:00,58461,98.16,68.69,328.6557,47.4,0.00197,3.2,0.32865570000000005
FRB20181213A,2018-12-13 00:00:00,58465,127.66,73.87,678.672,21.6,0.00295,3.2,0.678672
FRB20181213B,2018-12-13 00:00:00,58465,183.52,53.7,626.593,16.3,0.00492,1.7,0.626593
FRB20181213C,2018-12-13 00:00:00,58465,216.4,47.46,380.736,15.0,0.00295,1.86,0.38073599999999996
FRB20181214A,2018-12-14 00:00:00,58466,70.0,43.07,468.148,45.2,0.00295,0.41,0.468148
FRB20181214B,2018-12-14 00:00:00,58466,138.79,42.15,1120.746,13.3,0.00295,1.23,1.120746
FRB20181214C,2018-12-14 00:00:00,58466,175.93,60.02,632.7849,39.9,0.0059,5.0,0.6327849
FRB20181214D,2018-12-14 00:00:00,58466,178.57,46.71,1177.319,28.5,0.01671,9.0,1.177319
FRB20181214F,2018-12-14 00:00:00,58466,252.62,32.44,2105.76,20.2,0.00885,2.21,2.10576
FRB20181215A,2018-12-15 00:00:00,58467,93.38,39.34,412.632,11.8,0.00492,0.72,0.412632
FRB20181215B,2018-12-15 00:00:00,58467,254.81,47.56,494.0142,29.8,0.00197,2.9,0.4940142
FRB20181216A,2018-12-16 00:00:00,58468,306.28,53.53,542.7376,15.7,0.00197,1.7,0.5427376
FRB20181217A,2018-12-17 00:00:00,58469,290.5,59.8,1177.1666,15.8,0.00295,1.76,1.1771666
FRB20181218A,2018-12-18 00:00:00,58470,5.06,71.35,1874.406,30.8,0.0059,1.59,1.874406
FRB20181218B,2018-12-18 00:00:00,58470,18.04,69.39,753.405,14.9,0.00295,1.8,0.753405
FRB20181218C,2018-12-18 00:00:00,58470,285.98,58.24,384.153,13.5,0.00492,1.73,0.384153
FRB20181219B,2018-12-19 00:00:00,58471,180.79,71.55,1952.166,43.0,0.00492,27.0,1.9521659999999998
FRB20181219C,2018-12-19 00:00:00,58471,17.77,14.11,647.891,27.7,0.00295,0.57,0.647891
FRB20181219A,2018-12-19 00:00:00,58471,73.92,63.22,451.806,16.3,0.01769,4.7,0.451806
FRB20181220A,2018-12-20 00:00:00,58472,346.11,48.43,209.4017,40.1,0.00295,3.0,0.2094017
FRB20181220B,2018-12-20 00:00:00,58472,277.37,84.87,257.7994,24.7,0.00197,3.8,0.2577994
FRB20181221A,2018-12-21 00:00:00,58473,230.58,25.86,316.237,78.8,0.00492,5.8,0.31623700000000005
FRB20181221B,2018-12-21 00:00:00,58473,306.31,80.98,1395.021,52.1,0.00295,3.3,1.395021
FRB20181222A,2018-12-22 00:00:00,58474,29.5031258,65.7167542,348.73651,214.4,0.03539,50.0,0.34873651
FRB20181222A,2018-12-22 00:00:00,58474,29.5031258,65.7167542,348.73651,214.4,0.03539,50.0,0.34873651
FRB20181222A,2018-12-22 00:00:00,58474,29.5031258,65.7167542,348.73651,214.4,0.03539,50.0,0.34873651
FRB20181222A,2018-12-22 00:00:00,58474,29.5031258,65.7167542,348.73651,214.4,0.03539,50.0,0.34873651
FRB20181222B,2018-12-22 00:00:00,58474,90.04,38.55,619.2478,12.7,0.00197,0.83,0.6192478
FRB20181222C,2018-12-22 00:00:00,58474,131.05,68.33,1104.892,17.5,0.00393,2.9,1.104892
FRB20181222D,2018-12-22 00:00:00,58474,188.2,56.16,1417.11,20.2,0.02261,1.23,1.4171099999999999
FRB20181222E,2018-12-22 00:00:00,58474,50.64,86.97,327.9797,36.7,0.00393,5.5,0.3279797
FRB20181222E,2018-12-22 00:00:00,58474,50.64,86.97,327.9797,36.7,0.00393,5.5,0.3279797
FRB20181223A,2018-12-23 00:00:00,58475,29.5031258,65.7167542,349.7096,67.2,0.00885,15.7,0.3497096
FRB20181223A,2018-12-23 00:00:00,58475,29.5031258,65.7167542,349.7096,67.2,0.00885,15.7,0.3497096
FRB20181223B,2018-12-23 00:00:00,58475,174.89,21.59,565.655,21.3,0.00885,4.1,0.565655
FRB20181223C,2018-12-23 00:00:00,58475,181.05,27.58,112.5118,28.3,0.00197,2.84,0.1125118
FRB20181224A,2018-12-24 00:00:00,58476,355.11,44.56,310.20644,104.1,0.00197,3.3,0.31020643999999997
FRB20181224B,2018-12-24 00:00:00,58476,45.36,46.14,781.0087,22.4,0.00885,3.1,0.7810087
FRB20181224C,2018-12-24 00:00:00,58476,115.29,60.28,596.325,26.9,0.02949,9.6,0.596325
FRB20181224D,2018-12-24 00:00:00,58476,182.45,54.85,690.196,12.8,0.00393,1.95,0.690196
FRB20181224E,2018-12-24 00:00:00,58476,239.32,7.32,581.8537,42.1,0.00197,10.3,0.5818537
FRB20181224E,2018-12-24 00:00:00,58476,239.32,7.32,581.8537,42.1,0.00197,10.3,0.5818537
FRB20181225A,2018-12-25 00:00:00,58477,29.5031258,65.7167542,349.619,31.8,0.00688,4.3,0.349619
FRB20181225B,2018-12-25 00:00:00,58477,36.77,88.2,299.2875,27.6,0.00295,7.5,0.29928750000000004
FRB20181226C,2018-12-26 00:00:00,58478,349.05,44.94,409.0184,25.3,0.00393,2.7,0.4090184
FRB20181226A,2018-12-26 00:00:00,58478,29.5031258,65.7167542,349.0107,69.0,0.00983,5.7,0.3490107
FRB20181226A,2018-12-26 00:00:00,58478,29.5031258,65.7167542,349.0107,69.0,0.00983,5.7,0.3490107
FRB20181226D,2018-12-26 00:00:00,58478,120.22,22.16,385.3778,34.7,0.00197,3.0,0.3853778
FRB20181226B,2018-12-26 00:00:00,58478,182.66,12.43,287.0364,176.6,0.00197,52.0,0.2870364
FRB20181226B,2018-12-26 00:00:00,58478,182.66,12.43,287.0364,176.6,0.00197,52.0,0.2870364
FRB20181226B,2018-12-26 00:00:00,58478,182.66,12.43,287.0364,176.6,0.00197,52.0,0.2870364
FRB20181226E,2018-12-26 00:00:00,58478,303.56,73.64,308.762,20.9,0.00295,1.35,0.308762
FRB20181227A,2018-12-27 00:00:00,58479,31.79,78.38,791.2134,11.1,0.00197,1.82,0.7912134
FRB20181228A,2018-12-28 00:00:00,58480,7.26,10.22,748.6791,18.1,0.00295,4.0,0.7486790999999999
FRB20181228B,2018-12-28 00:00:00,58480,250.43,63.85,568.6506,34.6,0.00492,1.67,0.5686506
FRB20181228C,2018-12-28 00:00:00,58480,265.19,54.36,510.7,10.3,0.00295,0.74,0.5107
FRB20181229A,2018-12-29 00:00:00,58481,137.18,42.01,955.5735,31.7,0.00492,4.0,0.9555735
FRB20181229B,2018-12-29 00:00:00,58481,238.37,19.78,389.047,22.2,0.02064,4.9,0.38904700000000003
FRB20181230A,2018-12-30 00:00:00,58482,346.69,83.37,769.611,29.7,0.03441,18.0,0.769611
FRB20181230B,2018-12-30 00:00:00,58482,20.83,79.7,1137.36,17.6,0.01081,9.7,1.13736
FRB20181230C,2018-12-30 00:00:00,58482,245.75,50.52,1037.194,16.5,0.00295,2.1,1.037194
FRB20181230D,2018-12-30 00:00:00,58482,255.3,50.51,223.9665,20.0,0.00098,2.0,0.22396649999999999
FRB20181230E,2018-12-30 00:00:00,58482,113.26,86.85,1041.713,20.5,0.01081,10.4,1.041713
FRB20181231A,2018-12-31 00:00:00,58483,29.71,20.96,1376.7324,39.3,0.00295,2.2,1.3767324
FRB20181231B,2018-12-31 00:00:00,58483,128.77,55.99,197.1697,55.1,0.00295,2.34,0.1971697
FRB20181231C,2018-12-31 00:00:00,58483,197.09,69.18,556.086,27.7,0.00197,1.2,0.556086
FRB20190101A,2019-01-01 00:00:00,58484,171.01,27.99,854.609,33.0,0.04227,11.3,0.8546090000000001
FRB20190101B,2019-01-01 00:00:00,58484,307.77,29.89,1323.9056,22.8,0.00295,4.4,1.3239056
FRB20190102A,2019-01-02 00:00:00,58485,9.26,26.72,699.1727,50.0,0.00393,4.2,0.6991727
FRB20190102B,2019-01-02 00:00:00,58485,21.66,21.39,367.1642,31.9,0.00295,3.9,0.3671642
FRB20190103B,2019-01-03 00:00:00,58486,93.57,19.73,541.129,26.4,0.03146,12.9,0.541129
FRB20190103C,2019-01-03 00:00:00,58486,104.19,11.07,1349.133,34.2,0.00492,13.4,1.3491330000000001
FRB20190103A,2019-01-03 00:00:00,58486,190.53,65.13,364.5627,40.0,0.00983,5.4,0.3645627
FRB20190103D,2019-01-03 00:00:00,58486,221.84,59.91,1913.5509,19.8,0.00295,1.17,1.9135509
FRB20190103E,2019-01-03 00:00:00,58486,262.89,45.84,736.245,13.5,0.00295,2.0,0.736245
FRB20190104A,2019-01-04 00:00:00,58487,70.5,35.59,549.4329,24.4,0.00197,3.9,0.5494329
FRB20190104A,2019-01-04 00:00:00,58487,70.5,35.59,549.4329,24.4,0.00197,3.9,0.5494329
FRB20190104B,2019-01-04 00:00:00,58487,234.72,-6.25,530.137,12.8,0.0059,9.5,0.530137
FRB20190105A,2019-01-05 00:00:00,58488,266.3,63.82,383.551,10.5,0.00885,3.5,0.383551
FRB20190106A,2019-01-06 00:00:00,58489,22.19,46.12,340.061,12.7,0.00688,0.81,0.340061
FRB20190106B,2019-01-06 00:00:00,58489,335.63,46.13,316.5941,77.2,0.00197,3.8,0.31659410000000004
FRB20190107A,2019-01-07 00:00:00,58490,0.86,21.81,849.19,15.0,0.04719,6.3,0.84919
FRB20190107B,2019-01-07 00:00:00,58490,33.45,83.4,166.0939,26.8,0.00098,4.3,0.1660939
FRB20190109A,2019-01-09 00:00:00,58492,107.96,5.16,324.604,15.4,0.01376,6.4,0.324604
FRB20190109A,2019-01-09 00:00:00,58492,107.96,5.16,324.604,15.4,0.01376,6.4,0.324604
FRB20190109B,2019-01-09 00:00:00,58492,253.47,1.25,175.168,14.0,0.00688,3.0,0.17516800000000002
FRB20190110A,2019-01-10 00:00:00,58493,64.95,47.44,472.7526,63.0,0.00295,3.8,0.47275259999999997
FRB20190110B,2019-01-10 00:00:00,58493,131.68,50.16,486.118,18.8,0.00885,1.9,0.486118
FRB20190110C,2019-01-10 00:00:00,58493,246.98,41.42,221.961,28.3,0.00295,1.4,0.22196100000000002
FRB20190111A,2019-01-11 00:00:00,58494,217.0,26.78,171.96819,131.7,0.0059,17.0,0.17196819
FRB20190111A,2019-01-11 00:00:00,58494,217.0,26.78,171.96819,131.7,0.0059,17.0,0.17196819
FRB20190111A,2019-01-11 00:00:00,58494,217.0,26.78,171.96819,131.7,0.0059,17.0,0.17196819
FRB20190111B,2019-01-11 00:00:00,58494,260.02,13.53,1336.9271,32.6,0.00393,0.78,1.3369271
FRB20190112A,2019-01-12 00:00:00,58495,257.98,61.2,425.8474,66.1,0.00983,16.2,0.4258474
FRB20190113A,2019-01-13 00:00:00,58496,108.14,-2.99,428.924,12.6,0.00688,5.6,0.42892399999999997
FRB20190114A,2019-01-14 00:00:00,58497,8.95,19.17,887.392,21.1,0.00492,2.3,0.8873920000000001
FRB20190115A,2019-01-15 00:00:00,58498,45.61,54.28,1021.684,12.9,0.00295,0.95,1.021684
FRB20190115B,2019-01-15 00:00:00,58498,76.82,82.06,748.293,25.2,0.00393,5.2,0.748293
FRB20190116E,2019-01-16 00:00:00,58499,19.36,52.32,1491.0006,12.4,0.00098,1.12,1.4910006
FRB20190116D,2019-01-16 00:00:00,58499,85.1,68.68,1164.025,16.5,0.00983,4.7,1.164025
FRB20190116A,2019-01-16 00:00:00,58499,192.33,27.15,445.48,19.9,0.01278,3.7,0.44548000000000004
FRB20190116B,2019-01-16 00:00:00,58499,192.33,27.15,443.549,21.9,0.00688,2.0,0.44354899999999997
FRB20190116C,2019-01-16 00:00:00,58499,249.32,70.96,629.27648,210.6,0.00295,65.0,0.62927648
FRB20190116F,2019-01-16 00:00:00,58499,261.67,75.0,316.9203,15.3,0.00295,1.54,0.3169203
FRB20190117C,2019-01-17 00:00:00,58500,115.13,74.59,865.9008,10.8,0.00197,0.79,0.8659008
FRB20190117D,2019-01-17 00:00:00,58500,208.87,31.68,1178.063,20.1,0.00295,3.5,1.178063
FRB20190117A,2019-01-17 00:00:00,58500,331.71,17.37,393.3602,96.9,0.00393,9.9,0.3933602
FRB20190118B,2019-01-18 00:00:00,58501,39.71,23.57,670.89,16.1,0.03637,3.62,0.67089
FRB20190118A,2019-01-18 00:00:00,58501,253.31,11.55,225.10795,183.4,0.00197,18.0,0.22510795
FRB20190121A,2019-01-21 00:00:00,58504,354.74,78.6,425.3534,45.8,0.00786,10.8,0.42535340000000005
FRB20190122B,2019-01-22 00:00:00,58505,2.53,35.12,469.565,9.6,0.0059,1.75,0.469565
FRB20190122C,2019-01-22 00:00:00,58505,200.6,17.57,689.902,110.7,0.01475,47.0,0.689902
FRB20190122C,2019-01-22 00:00:00,58505,200.6,17.57,689.902,110.7,0.01475,47.0,0.689902
FRB20190122C,2019-01-22 00:00:00,58505,200.6,17.57,689.902,110.7,0.01475,47.0,0.689902
FRB20190122C,2019-01-22 00:00:00,58505,200.6,17.57,689.902,110.7,0.01475,47.0,0.689902
FRB20190122C,2019-01-22 00:00:00,58505,200.6,17.57,689.902,110.7,0.01475,47.0,0.689902
FRB20190122C,2019-01-22 00:00:00,58505,200.6,17.57,689.902,110.7,0.01475,47.0,0.689902
FRB20190122A,2019-01-22 00:00:00,58505,349.56,37.5,1231.21,19.8,0.04424,5.7,1.2312100000000001
FRB20190124A,2019-01-24 00:00:00,58507,50.46,51.58,1275.853,39.5,0.02359,13.4,1.2758530000000001
FRB20190124B,2019-01-24 00:00:00,58507,214.69,28.8,441.3838,41.1,0.01475,11.7,0.4413838
FRB20190124C,2019-01-24 00:00:00,58507,217.17,28.38,303.644,148.1,0.01376,13.7,0.303644
FRB20190124C,2019-01-24 00:00:00,58507,217.17,28.38,303.644,148.1,0.01376,13.7,0.303644
FRB20190124D,2019-01-24 00:00:00,58507,237.26,81.23,340.12,13.4,0.00492,1.9,0.34012
FRB20190124E,2019-01-24 00:00:00,58507,297.75,20.57,617.79,17.4,0.01868,7.3,0.61779
FRB20190124F,2019-01-24 00:00:00,58507,338.92,5.3,254.7903,60.2,0.00197,6.4,0.2547903
FRB20190125A,2019-01-25 00:00:00,58508,45.73,27.81,564.701,12.8,0.01376,2.6,0.564701
FRB20190125B,2019-01-25 00:00:00,58508,231.45,50.54,178.238,26.2,0.00688,4.7,0.178238
FRB20190126A,2019-01-26 00:00:00,58509,29.5031258,65.7167542,350.0017,27.8,0.00688,3.6,0.3500017
FRB20190127B,2019-01-27 00:00:00,58510,150.92,83.56,663.028,18.8,0.06783,11.4,0.6630280000000001
FRB20190128A,2019-01-28 00:00:00,58511,21.8,24.67,696.117,16.5,0.00688,2.0,0.696117
FRB20190128B,2019-01-28 00:00:00,58511,127.44,23.29,248.2302,21.4,0.00197,1.64,0.24823019999999998
FRB20190128C,2019-01-28 00:00:00,58511,69.8,78.94,310.622,17.5,0.01573,5.9,0.310622
FRB20190128D,2019-01-28 00:00:00,58511,283.32,17.44,430.231,15.5,0.00492,3.6,0.430231
FRB20190129A,2019-01-29 00:00:00,58512,45.06,21.42,484.761,18.8,0.00885,5.0,0.484761
FRB20190130A,2019-01-30 00:00:00,58513,25.64,13.16,1367.461,12.6,0.01475,4.4,1.367461
FRB20190130B,2019-01-30 00:00:00,58513,172.11,16.05,989.0307,65.4,0.00393,2.95,0.9890307
FRB20190131E,2019-01-31 00:00:00,58514,195.65,80.92,279.8006,50.7,0.00098,5.1,0.27980059999999995
FRB20190131D,2019-01-31 00:00:00,58514,57.46,22.75,642.1218,48.9,0.00197,6.8,0.6421218
FRB20190131D,2019-01-31 00:00:00,58514,57.46,22.75,642.1218,48.9,0.00197,6.8,0.6421218
FRB20190131C,2019-01-31 00:00:00,58514,166.45,10.43,507.7618,21.7,0.00098,2.1,0.5077618
FRB20190131B,2019-01-31 00:00:00,58514,354.72,11.71,1805.729,17.1,0.00197,3.3,1.8057290000000001
FRB20190201B,2019-02-01 00:00:00,58515,118.2,55.58,749.176,30.8,0.00295,2.3,0.7491760000000001
FRB20190201A,2019-02-01 00:00:00,58515,64.03,84.84,242.0038,15.4,0.00098,3.1,0.24200380000000002
FRB20190202B,2019-02-02 00:00:00,58516,114.32,32.45,464.906,26.6,0.00098,2.7,0.464906
FRB20190202A,2019-02-02 00:00:00,58516,344.2,17.1,307.3605,236.3,0.00197,95.0,0.3073605
FRB20190203B,2019-02-03 00:00:00,58517,130.64,61.89,582.2248,12.6,0.00295,0.93,0.5822248
FRB20190203A,2019-02-03 00:00:00,58517,133.68,70.82,420.5727,61.9,0.00393,4.0,0.4205727
FRB20190203C,2019-02-03 00:00:00,58517,196.01,2.48,370.462,12.5,0.00393,4.4,0.370462
FRB20190204A,2019-02-04 00:00:00,58518,161.33,61.53,449.639,13.8,0.00786,1.5,0.449639
FRB20190204B,2019-02-04 00:00:00,58518,255.92,75.87,1464.9393,37.1,0.00295,4.4,1.4649393
FRB20190205A,2019-02-05 00:00:00,58519,342.22,83.37,695.389,18.6,0.00295,1.7,0.695389
FRB20190206C,2019-02-06 00:00:00,58520,200.45,74.39,1043.002,20.2,0.0059,3.8,1.043002
FRB20190206B,2019-02-06 00:00:00,58520,49.76,79.5,352.52,17.7,0.01966,9.6,0.35252
FRB20190206A,2019-02-06 00:00:00,58520,244.85,9.36,188.3364,43.5,0.0059,9.1,0.1883364
FRB20190208B,2019-02-08 00:00:00,58522,91.0,80.88,714.22009,165.2,0.00098,14.3,0.71422009
FRB20190208C,2019-02-08 00:00:00,58522,141.55,83.56,238.3921,31.4,0.00098,1.74,0.2383921
FRB20190208A,2019-02-08 00:00:00,58522,283.52,46.96,579.843,31.2,0.03342,4.9,0.579843
FRB20190208A,2019-02-08 00:00:00,58522,283.52,46.96,579.843,31.2,0.03342,4.9,0.579843
FRB20190208A,2019-02-08 00:00:00,58522,283.52,46.96,579.843,31.2,0.03342,4.9,0.579843
FRB20190208A,2019-02-08 00:00:00,58522,283.52,46.96,579.843,31.2,0.03342,4.9,0.579843
FRB20190209A,2019-02-09 00:00:00,58523,144.32,77.67,424.786,19.6,0.00492,3.9,0.424786
FRB20190210B,2019-02-10 00:00:00,58524,104.18,23.7,624.1879,66.0,0.00295,5.3,0.6241879
FRB20190210C,2019-02-10 00:00:00,58524,295.75,89.1,643.3669,27.3,0.00197,3.6,0.6433669
FRB20190210A,2019-02-10 00:00:00,58524,144.32,77.67,426.12,21.7,0.0118,1.81,0.42612
FRB20190210D,2019-02-10 00:00:00,58524,307.8,55.46,359.1477,36.0,0.00197,2.5,0.35914769999999996
FRB20190210E,2019-02-10 00:00:00,58524,313.65,86.67,580.58,15.5,0.00197,1.45,0.5805800000000001
FRB20190211A,2019-02-11 00:00:00,58525,67.06,68.64,1188.256,27.8,0.00393,5.8,1.188256
FRB20190211B,2019-02-11 00:00:00,58525,299.62,61.37,260.7,18.4,0.00098,1.35,0.2607
FRB20190212B,2019-02-12 00:00:00,58526,139.99,52.11,600.1866,41.6,0.00295,3.7,0.6001866
FRB20190212C,2019-02-12 00:00:00,58526,172.57,28.14,1016.45,33.2,0.02064,12.2,1.01645
FRB20190212D,2019-02-12 00:00:00,58526,178.83,66.72,1139.765,18.4,0.02163,5.7,1.1397650000000001
FRB20190212A,2019-02-12 00:00:00,58526,276.14,81.43,301.784,15.7,0.0059,3.1,0.301784
FRB20190213A,2019-02-13 00:00:00,58527,31.72,20.08,651.06,17.5,0.01475,2.3,0.65106
FRB20190213C,2019-02-13 00:00:00,58527,64.26,45.0,357.0634,11.5,0.00197,1.09,0.3570634
FRB20190213B,2019-02-13 00:00:00,58527,276.14,81.43,301.3128,23.2,0.00295,4.2,0.3013128
FRB20190213B,2019-02-13 00:00:00,58527,276.14,81.43,301.3128,23.2,0.00295,4.2,0.3013128
FRB20190213D,2019-02-13 00:00:00,58527,336.45,52.71,1346.8476,25.0,0.00197,2.2,1.3468476
FRB20190214A,2019-02-14 00:00:00,58528,96.09,66.24,497.68,16.7,0.02359,8.8,0.49768
FRB20190214C,2019-02-14 00:00:00,58528,218.87,19.36,533.112,24.4,0.00688,5.2,0.5331119999999999
FRB20190215B,2019-02-15 00:00:00,58529,335.04,45.34,274.6295,61.9,0.00197,5.6,0.2746295
FRB20190216A,2019-02-16 00:00:00,58530,256.33,68.28,1282.37,77.3,0.12288,47.0,1.2823699999999998
FRB20190217A,2019-02-17 00:00:00,58531,94.88,43.11,798.1092,20.7,0.00786,1.19,0.7981092
FRB20190217B,2019-02-17 00:00:00,58531,22.58,26.95,846.212,16.7,0.02654,6.0,0.846212
FRB20190218A,2019-02-18 00:00:00,58532,184.05,56.42,1285.129,16.6,0.00295,1.65,1.285129
FRB20190218B,2019-02-18 00:00:00,58532,268.7,17.93,547.868,19.8,0.01769,5.9,0.547868
FRB20190218C,2019-02-18 00:00:00,58532,156.96,77.95,319.32387,155.5,0.00098,31.0,0.31932387
FRB20190219A,2019-02-19 00:00:00,58533,105.78,43.13,657.1942,29.8,0.00393,0.96,0.6571942000000001
FRB20190219B,2019-02-19 00:00:00,58533,246.3,57.92,1681.11,42.8,0.01081,14.4,1.6811099999999999
FRB20190219C,2019-02-19 00:00:00,58533,349.67,49.21,806.688,12.4,0.00492,1.96,0.806688
FRB20190220A,2019-02-20 00:00:00,58534,237.21,74.16,216.12,17.6,0.00197,0.68,0.21612
FRB20190221A,2019-02-21 00:00:00,58535,132.6,9.9,223.806,22.1,0.00295,2.33,0.223806
FRB20190221B,2019-02-21 00:00:00,58535,286.77,27.86,393.124,15.3,0.00688,5.6,0.39312400000000003
FRB20190221C,2019-02-21 00:00:00,58535,316.15,54.67,2042.3,26.4,0.01475,7.1,2.0423
FRB20190221D,2019-02-21 00:00:00,58535,24.81,60.93,473.7873,13.0,0.00197,1.13,0.4737873
FRB20190222B,2019-02-22 00:00:00,58536,160.69,19.62,497.619,19.9,0.02163,4.4,0.49761900000000003
FRB20190222C,2019-02-22 00:00:00,58536,239.18,40.03,524.0071,29.0,0.00197,0.83,0.5240071000000001
FRB20190222A,2019-02-22 00:00:00,58536,313.06,69.83,460.169,92.4,0.00885,11.8,0.460169
FRB20190222D,2019-02-22 00:00:00,58536,313.9,26.57,895.2976,12.6,0.00098,0.86,0.8952976
FRB20190223A,2019-02-23 00:00:00,58537,64.72,87.65,389.2365,20.5,0.00393,1.58,0.3892365
FRB20190223B,2019-02-23 00:00:00,58537,311.62,60.56,536.5143,12.5,0.00197,0.84,0.5365143
FRB20190224A,2019-02-24 00:00:00,58538,60.53,83.39,818.4,28.6,0.01671,8.5,0.8184
FRB20190224B,2019-02-24 00:00:00,58538,268.24,82.57,839.3674,16.2,0.00197,4.5,0.8393674
FRB20190224C,2019-02-24 00:00:00,58538,124.05,19.78,497.4,30.7,0.00786,7.9,0.49739999999999995
FRB20190224D,2019-02-24 00:00:00,58538,331.89,89.05,752.9522,41.9,0.00197,6.1,0.7529522
FRB20190224E,2019-02-24 00:00:00,58538,183.04,61.54,435.8612,71.0,0.00197,4.0,0.4358612
FRB20190226A,2019-02-26 00:00:00,58540,58.83,31.93,601.5727,32.4,0.00098,1.42,0.6015727000000001
FRB20190226B,2019-02-26 00:00:00,58540,273.57,61.81,631.603,13.2,0.01868,2.38,0.6316029999999999
FRB20190226C,2019-02-26 00:00:00,58540,17.46,26.76,827.77,15.9,0.00492,1.41,0.82777
FRB20190227A,2019-02-27 00:00:00,58541,108.41,56.34,394.0388,112.0,0.00393,12.5,0.39403879999999997
FRB20190227B,2019-02-27 00:00:00,58541,220.54,39.8,331.2289,15.9,0.00098,0.71,0.3312289
FRB20190228A,2019-02-28 00:00:00,58542,183.48,22.9,419.0825,109.3,0.03047,35.8,0.41908249999999997
FRB20190228B,2019-02-28 00:00:00,58542,50.01,81.94,1115.2461,60.6,0.02359,66.0,1.1152461
FRB20190301B,2019-03-01 00:00:00,58543,69.5,74.08,621.333,14.9,0.00393,0.85,0.621333
FRB20190301C,2019-03-01 00:00:00,58543,171.83,34.93,802.913,13.6,0.0118,2.32,0.802913
FRB20190301D,2019-03-01 00:00:00,58543,278.72,74.68,1160.692,16.3,0.0059,1.5,1.160692
FRB20190301A,2019-03-01 00:00:00,58543,313.06,69.83,459.5613,53.5,0.0059,8.6,0.4595613
FRB20190301A,2019-03-01 00:00:00,58543,313.06,69.83,459.5613,53.5,0.0059,8.6,0.4595613
FRB20190302A,2019-03-02 00:00:00,58544,34.8,61.34,1034.239,48.7,0.10617,35.0,1.0342390000000001
FRB20190303B,2019-03-03 00:00:00,58545,128.74,66.03,193.50698,265.8,0.00492,42.0,0.19350698
FRB20190303C,2019-03-03 00:00:00,58545,173.24,26.32,1089.655,19.6,0.0059,3.46,1.089655
FRB20190303D,2019-03-03 00:00:00,58545,179.57,70.84,711.151,11.2,0.00295,1.17,0.711151
FRB20190303A,2019-03-03 00:00:00,58545,208.03,48.24,221.667,23.1,0.00393,2.54,0.221667
FRB20190304A,2019-03-04 00:00:00,58546,124.51,74.61,483.727,48.1,0.00295,2.9,0.48372699999999996
FRB20190304B,2019-03-04 00:00:00,58546,204.86,24.19,470.0053,28.8,0.00295,2.22,0.47000529999999996
FRB20190304C,2019-03-04 00:00:00,58546,223.01,26.72,564.991,15.9,0.00295,1.32,0.564991
FRB20190307A,2019-03-07 00:00:00,58549,254.55,9.85,355.337,18.7,0.00688,0.0,0.355337
FRB20190307B,2019-03-07 00:00:00,58549,269.2,38.4,294.001,19.9,0.02261,0.0,0.29400099999999996
FRB20190308C,2019-03-08 00:00:00,58550,188.36,44.39,500.519,39.0,0.02163,4.8,0.500519
FRB20190308C,2019-03-08 00:00:00,58550,188.36,44.39,500.519,39.0,0.02163,4.8,0.500519
FRB20190308B,2019-03-08 00:00:00,58550,38.59,83.62,180.18,21.8,0.00197,1.39,0.18018
FRB20190308B,2019-03-08 00:00:00,58550,38.59,83.62,180.18,21.8,0.00197,1.39,0.18018
FRB20190309A,2019-03-09 00:00:00,58551,278.96,52.41,356.9,12.3,0.00197,0.72,0.3569
FRB20190313B,2019-03-13 00:00:00,58555,101.98,74.13,1191.248,14.8,0.00786,2.74,1.191248
FRB20190313A,2019-03-13 00:00:00,58555,190.53,65.13,364.5,12.4,0.0059,1.48,0.3645
FRB20190316A,2019-03-16 00:00:00,58558,5.23,20.51,515.9273,19.0,0.00197,2.53,0.5159273
FRB20190317A,2019-03-17 00:00:00,58559,87.44,44.66,1157.2595,9.8,0.00197,1.24,1.1572594999999999
FRB20190317B,2019-03-17 00:00:00,58559,101.01,49.73,424.314,11.8,0.00295,1.89,0.424314
FRB20190317C,2019-03-17 00:00:00,58559,125.82,32.07,598.263,18.1,0.02851,7.8,0.598263
FRB20190317F,2019-03-17 00:00:00,58559,236.25,47.05,1118.109,82.3,0.02064,26.0,1.118109
FRB20190317E,2019-03-17 00:00:00,58559,274.37,13.25,800.88,14.9,0.00393,7.3,0.80088
FRB20190318A,2019-03-18 00:00:00,58560,324.11,74.46,419.2661,32.4,0.01278,14.2,0.4192661
FRB20190319A,2019-03-19 00:00:00,58561,113.43,5.72,2039.936,23.7,0.00885,19.4,2.039936
FRB20190320A,2019-03-20 00:00:00,58562,61.6,63.36,614.146,16.0,0.00295,4.4,0.614146
FRB20190320B,2019-03-20 00:00:00,58562,250.4,39.63,489.4949,20.1,0.00295,1.9,0.48949489999999996
FRB20190320C,2019-03-20 00:00:00,58562,254.73,22.38,368.7898,12.9,0.00393,3.14,0.3687898
FRB20190320D,2019-03-20 00:00:00,58562,262.22,59.07,1141.35,16.9,0.03342,11.4,1.1413499999999999
FRB20190320E,2019-03-20 00:00:00,58562,76.64,89.16,299.135,38.8,0.00295,12.3,0.299135
FRB20190322A,2019-03-22 00:00:00,58564,110.75,51.3,1060.118,22.5,0.02359,10.1,1.060118
FRB20190322B,2019-03-22 00:00:00,58564,132.03,73.34,576.982,10.2,0.00295,2.04,0.576982
FRB20190322C,2019-03-22 00:00:00,58564,296.36,70.7,1192.0806,61.9,0.00295,13.0,1.1920806
FRB20190323A,2019-03-23 00:00:00,58565,112.37,34.46,857.5038,14.4,0.00393,2.71,0.8575037999999999
FRB20190323B,2019-03-23 00:00:00,58565,193.22,77.24,789.56311,76.8,0.00098,10.6,0.78956311
FRB20190323C,2019-03-23 00:00:00,58565,199.5,40.07,381.118,12.7,0.00295,1.38,0.381118
FRB20190323D,2019-03-23 00:00:00,58565,56.88,46.93,763.65,12.2,0.01278,2.49,0.7636499999999999
FRB20190325A,2019-03-25 00:00:00,58567,130.41,83.07,359.289,15.6,0.00295,4.6,0.35928899999999997
FRB20190325B,2019-03-25 00:00:00,58567,183.92,30.32,1733.918,11.9,0.00688,3.81,1.7339179999999998
FRB20190325C,2019-03-25 00:00:00,58567,53.85,60.17,797.83,12.3,0.00885,3.83,0.79783
FRB20190326A,2019-03-26 00:00:00,58568,161.9,74.22,283.3113,13.4,0.00098,1.51,0.28331130000000004
FRB20190327A,2019-03-27 00:00:00,58569,281.31,34.28,346.5748,36.4,0.00197,5.2,0.34657479999999996
FRB20190328A,2019-03-28 00:00:00,58570,120.35,59.1,1303.58,9.1,0.00983,2.66,1.30358
FRB20190328B,2019-03-28 00:00:00,58570,199.47,86.85,565.001,10.6,0.00492,2.14,0.565001
FRB20190328C,2019-03-28 00:00:00,58570,73.83,81.96,472.8607,21.6,0.00492,14.9,0.4728607
FRB20190329B,2019-03-29 00:00:00,58571,87.9,76.27,406.0539,24.5,0.0059,0.0,0.4060539
FRB20190329C,2019-03-29 00:00:00,58571,279.79,51.63,1256.3592,27.5,0.00492,0.0,1.2563592000000001
FRB20190329A,2019-03-29 00:00:00,58571,65.54,73.63,188.606,19.3,0.0118,2.24,0.188606
FRB20190330A,2019-03-30 00:00:00,58572,204.09,38.36,508.965,10.7,0.00197,1.14,0.508965
FRB20190330B,2019-03-30 00:00:00,58572,269.41,52.81,668.0927,51.9,0.00197,5.3,0.6680927
FRB20190401A,2019-04-01 00:00:00,58574,196.8,79.91,783.216,24.8,0.01081,8.6,0.783216
FRB20190402A,2019-04-02 00:00:00,58575,178.61,47.1,1291.69,11.5,0.01573,1.34,1.29169
FRB20190403G,2019-04-03 00:00:00,58576,81.74,25.78,865.311,15.8,0.00197,1.59,0.865311
FRB20190403A,2019-04-03 00:00:00,58576,116.33,86.36,518.834,15.2,0.00295,3.19,0.5188339999999999
FRB20190403B,2019-04-03 00:00:00,58576,135.47,1.46,292.473,26.0,0.01081,23.8,0.29247300000000004
FRB20190403C,2019-04-03 00:00:00,58576,249.83,58.7,935.009,12.2,0.00492,1.53,0.935009
FRB20190403D,2019-04-03 00:00:00,58576,326.53,84.29,613.458,9.9,0.00295,1.75,0.613458
FRB20190403E,2019-04-03 00:00:00,58576,220.22,86.54,226.198,57.0,0.01868,76.0,0.226198
FRB20190403F,2019-04-03 00:00:00,58576,43.34,33.14,664.184,16.4,0.01475,7.1,0.664184
FRB20190404A,2019-04-04 00:00:00,58577,143.1,36.9,1353.9007,24.4,0.00492,4.5,1.3539006999999998
FRB20190404B,2019-04-04 00:00:00,58577,259.79,40.0,489.42307,175.1,0.00098,16.3,0.48942307
FRB20190405A,2019-04-05 00:00:00,58578,337.02,20.96,424.884,10.9,0.01376,2.5,0.42488400000000004
FRB20190405B,2019-04-05 00:00:00,58578,236.48,89.16,1113.218,21.4,0.00492,17.5,1.113218
FRB20190406A,2019-04-06 00:00:00,58579,283.52,46.96,580.2254,16.3,0.00295,2.3,0.5802254
FRB20190408A,2019-04-08 00:00:00,58581,262.2,71.6,863.3796,12.9,0.00197,1.51,0.8633796
FRB20190409A,2019-04-09 00:00:00,58582,79.52,6.72,1791.8908,19.7,0.00295,8.7,1.7918908
FRB20190409B,2019-04-09 00:00:00,58582,126.65,63.47,285.633,20.2,0.03047,6.8,0.28563299999999997
FRB20190409C,2019-04-09 00:00:00,58582,252.6,71.62,674.631,12.1,0.00197,2.17,0.674631
FRB20190409D,2019-04-09 00:00:00,58582,336.64,26.95,1300.118,17.3,0.00295,2.74,1.3001179999999999
FRB20190410A,2019-04-10 00:00:00,58583,263.47,-2.37,284.02,13.6,0.00688,5.8,0.28402
FRB20190410B,2019-04-10 00:00:00,58583,265.76,15.17,642.1699,30.8,0.00197,0.45,0.6421699
FRB20190411A,2019-04-11 00:00:00,58584,80.0,83.89,460.5552,9.8,0.00197,1.41,0.4605552
FRB20190411B,2019-04-11 00:00:00,58584,154.03,29.23,1229.581,17.5,0.00393,3.7,1.2295809999999998
FRB20190411C,2019-04-11 00:00:00,58584,9.33,20.5,233.66,50.0,0.00295,9.3,0.23366
FRB20190411C,2019-04-11 00:00:00,58584,9.33,20.5,233.66,50.0,0.00295,9.3,0.23366
FRB20190412A,2019-04-12 00:00:00,58585,243.45,61.87,364.7329,44.3,0.00295,6.9,0.36473289999999997
FRB20190412B,2019-04-12 00:00:00,58585,285.65,19.25,375.75,16.8,0.04227,12.8,0.37575
FRB20190414A,2019-04-14 00:00:00,58587,181.44,38.9,811.981,14.6,0.00492,1.74,0.811981
FRB20190414B,2019-04-14 00:00:00,58587,246.9,57.53,506.489,13.7,0.0118,3.8,0.506489
FRB20190415A,2019-04-15 00:00:00,58588,182.38,71.28,633.681,13.0,0.00688,3.7,0.633681
FRB20190415B,2019-04-15 00:00:00,58588,8.86,54.85,722.993,50.8,0.03539,22.3,0.722993
FRB20190415C,2019-04-15 00:00:00,58588,74.81,34.8,650.182,7.9,0.00492,0.77,0.650182
FRB20190416A,2019-04-16 00:00:00,58589,144.99,33.3,2287.265,14.8,0.00688,2.8,2.2872649999999997
FRB20190416B,2019-04-16 00:00:00,58589,172.19,35.95,575.36,29.1,0.0059,1.47,0.57536
FRB20190417B,2019-04-17 00:00:00,58590,174.87,64.72,1161.2,17.1,0.0462,9.9,1.1612
FRB20190417A,2019-04-17 00:00:00,58590,294.85,59.4,1380.08,26.2,0.01769,5.8,1.38008
FRB20190417C,2019-04-17 00:00:00,58590,45.68,71.26,320.23188,95.1,0.00098,10.8,0.32023187999999997
FRB20190418A,2019-04-18 00:00:00,58591,65.79,16.04,184.5069,26.7,0.00197,2.2,0.1845069
FRB20190419A,2019-04-19 00:00:00,58592,104.98,64.88,439.972,10.8,0.00393,0.77,0.439972
FRB20190419B,2019-04-19 00:00:00,58592,255.27,86.74,165.0752,36.2,0.00197,7.9,0.1650752
FRB20190420B,2019-04-20 00:00:00,58593,94.73,70.12,846.8432,35.5,0.00688,15.1,0.8468432
FRB20190420A,2019-04-20 00:00:00,58593,106.55,55.96,609.0998,25.4,0.00197,3.11,0.6090998
FRB20190420C,2019-04-20 00:00:00,58593,248.1,37.25,629.954,13.2,0.01376,4.13,0.6299539999999999
FRB20190421A,2019-04-21 00:00:00,58594,208.03,48.24,223.641,23.2,0.03047,5.3,0.22364099999999998
FRB20190421A,2019-04-21 00:00:00,58594,208.03,48.24,223.641,23.2,0.03047,5.3,0.22364099999999998
FRB20190421B,2019-04-21 00:00:00,58594,82.49,62.31,392.2475,79.6,0.00295,16.4,0.3922475
FRB20190422B,2019-04-22 00:00:00,58595,158.27,45.67,977.386,10.1,0.01376,1.57,0.977386
FRB20190422A,2019-04-22 00:00:00,58595,48.56,35.15,452.302,29.1,0.02949,9.1,0.45230200000000004
FRB20190422A,2019-04-22 00:00:00,58595,48.56,35.15,452.302,29.1,0.02949,9.1,0.45230200000000004
FRB20190422A,2019-04-22 00:00:00,58595,48.56,35.15,452.302,29.1,0.02949,9.1,0.45230200000000004
FRB20190423A,2019-04-23 00:00:00,58596,179.68,55.25,242.64562,458.5,0.0059,55.4,0.24264562
FRB20190423A,2019-04-23 00:00:00,58596,179.68,55.25,242.64562,458.5,0.0059,55.4,0.24264562
FRB20190423B,2019-04-23 00:00:00,58596,298.58,26.19,584.949,26.6,0.00983,7.0,0.5849489999999999
FRB20190423B,2019-04-23 00:00:00,58596,298.58,26.19,584.949,26.6,0.00983,7.0,0.5849489999999999
FRB20190423C,2019-04-23 00:00:00,58596,349.08,86.97,855.5273,20.4,0.00786,4.37,0.8555273
FRB20190423D,2019-04-23 00:00:00,58596,29.69,84.8,496.455,29.1,0.00885,18.0,0.496455
FRB20190424A,2019-04-24 00:00:00,58597,168.3,63.78,758.672,21.4,0.00098,1.99,0.758672
FRB20190425A,2019-04-25 00:00:00,58598,255.72,21.52,128.15774,229.9,0.00098,31.6,0.12815774
FRB20190425B,2019-04-25 00:00:00,58598,210.12,88.6,1031.7236,21.6,0.00197,3.1,1.0317236
FRB20190426A,2019-04-26 00:00:00,58599,115.04,59.12,340.6624,37.1,0.00197,2.01,0.3406624
FRB20190427A,2019-04-27 00:00:00,58600,78.93,7.77,455.7828,27.5,0.00197,9.5,0.4557828
FRB20190428A,2019-04-28 00:00:00,58601,170.73,23.33,969.4001,45.7,0.00393,7.4,0.9694001
FRB20190429A,2019-04-29 00:00:00,58602,281.09,59.42,470.884,11.2,0.00295,1.83,0.470884
FRB20190429B,2019-04-29 00:00:00,58602,329.93,3.96,295.65,18.2,0.01671,5.0,0.29564999999999997
FRB20190430B,2019-04-30 00:00:00,58603,237.72,62.27,2619.399,12.6,0.02556,1.52,2.619399
FRB20190430A,2019-04-30 00:00:00,58603,77.7,87.01,339.25,14.8,0.01966,7.7,0.33925
FRB20190430C,2019-04-30 00:00:00,58603,277.22,24.92,400.561,32.2,0.00295,5.1,0.400561
FRB20190501B,2019-05-01 00:00:00,58604,261.45,54.36,784.068,29.8,0.0059,3.2,0.784068
FRB20190501B,2019-05-01 00:00:00,58604,261.45,54.36,784.068,29.8,0.0059,3.2,0.784068
FRB20190502A,2019-05-02 00:00:00,58605,165.01,59.95,625.7691,75.8,0.00393,11.5,0.6257691
FRB20190502B,2019-05-02 00:00:00,58605,212.04,64.44,918.6143,66.5,0.00492,10.1,0.9186143
FRB20190502C,2019-05-02 00:00:00,58605,155.6,82.97,396.835,28.5,0.00197,8.3,0.396835
FRB20190515A,2019-05-15 00:00:00,58618,310.15,55.46,450.503,39.3,0.04719,16.8,0.450503
FRB20190515B,2019-05-15 00:00:00,58618,0.83,3.41,822.1887,31.1,0.00492,11.3,0.8221887
FRB20190515C,2019-05-15 00:00:00,58618,31.72,20.08,652.39,20.9,0.01278,5.5,0.65239
FRB20190515D,2019-05-15 00:00:00,58618,67.13,-5.01,426.0611,35.5,0.00492,8.8,0.4260611
FRB20190516B,2019-05-16 00:00:00,58619,167.34,7.37,1235.416,19.4,0.01376,9.9,1.2354159999999998
FRB20190517D,2019-05-17 00:00:00,58620,339.95,41.84,1180.148,12.0,0.01475,5.8,1.180148
FRB20190517B,2019-05-17 00:00:00,58620,65.54,73.63,191.72,14.0,0.01769,4.2,0.19172
FRB20190517C,2019-05-17 00:00:00,58620,87.5,26.62,335.5746,58.3,0.00197,8.7,0.3355746
FRB20190518B,2019-05-18 00:00:00,58621,175.11,20.28,913.7722,16.7,0.00098,2.1,0.9137722
FRB20190518C,2019-05-18 00:00:00,58621,242.01,4.64,444.0795,46.4,0.00295,14.8,0.4440795
FRB20190518D,2019-05-18 00:00:00,58621,174.72,89.31,202.4551,19.3,0.00197,3.0,0.2024551
FRB20190518A,2019-05-18 00:00:00,58621,29.5031258,65.7167542,349.607,10.6,0.00492,1.45,0.349607
FRB20190518E,2019-05-18 00:00:00,58621,29.5031258,65.7167542,350.1451,22.0,0.0059,3.81,0.3501451
FRB20190518G,2019-05-18 00:00:00,58621,94.79,75.52,524.9464,33.6,0.00098,1.76,0.5249464
FRB20190519D,2019-05-19 00:00:00,58622,164.57,42.99,539.771,25.3,0.00197,0.81,0.539771
FRB20190519E,2019-05-19 00:00:00,58622,168.28,41.65,693.8297,30.3,0.00098,1.46,0.6938297
FRB20190519F,2019-05-19 00:00:00,58622,165.63,77.23,797.766,41.0,0.00688,4.0,0.797766
FRB20190519G,2019-05-19 00:00:00,58622,306.68,72.34,430.094,40.9,0.01868,22.0,0.430094
FRB20190519H,2019-05-19 00:00:00,58622,342.99,87.37,1170.8729,57.7,0.00295,6.6,1.1708729
FRB20190519A,2019-05-19 00:00:00,58622,29.5031258,65.7167542,348.7128,43.4,0.00885,3.9,0.3487128
FRB20190519A,2019-05-19 00:00:00,58622,29.5031258,65.7167542,348.7128,43.4,0.00885,3.9,0.3487128
FRB20190519B,2019-05-19 00:00:00,58622,29.5031258,65.7167542,349.28,44.8,0.03244,12.4,0.34928
FRB20190519B,2019-05-19 00:00:00,58622,29.5031258,65.7167542,349.28,44.8,0.03244,12.4,0.34928
FRB20190519B,2019-05-19 00:00:00,58622,29.5031258,65.7167542,349.28,44.8,0.03244,12.4,0.34928
FRB20190519B,2019-05-19 00:00:00,58622,29.5031258,65.7167542,349.28,44.8,0.03244,12.4,0.34928
FRB20190519C,2019-05-19 00:00:00,58622,29.5031258,65.7167542,349.064,27.1,0.0118,4.0,0.34906400000000004
FRB20190519J,2019-05-19 00:00:00,58622,296.21,86.93,642.759,18.6,0.00197,1.7,0.642759
FRB20190520A,2019-05-20 00:00:00,58623,273.52,26.32,432.5063,28.7,0.00197,2.4,0.4325063
FRB20190527A,2019-05-27 00:00:00,58630,12.45,7.99,584.58,32.8,0.05702,10.1,0.58458
FRB20190527A,2019-05-27 00:00:00,58630,12.45,7.99,584.58,32.8,0.05702,10.1,0.58458
FRB20190527B,2019-05-27 00:00:00,58630,73.92,63.22,449.819,10.0,0.00885,2.04,0.449819
FRB20190527C,2019-05-27 00:00:00,58630,100.22,57.0,535.4368,80.2,0.00688,20.0,0.5354367999999999
FRB20190529A,2019-05-29 00:00:00,58632,68.06,40.32,704.45,8.3,0.00393,1.45,0.70445
FRB20190530A,2019-05-30 00:00:00,58633,68.74,60.59,555.445,14.9,0.00197,1.69,0.5554450000000001
FRB20190531A,2019-05-31 00:00:00,58634,203.96,81.72,324.6981,14.4,0.00098,0.0,0.3246981
FRB20190531B,2019-05-31 00:00:00,58634,259.91,49.32,167.9597,122.4,0.00197,0.0,0.1679597
FRB20190531C,2019-05-31 00:00:00,58634,331.14,43.0,478.202,12.2,0.00295,1.2,0.478202
FRB20190531E,2019-05-31 00:00:00,58634,15.2,0.54,328.2034,14.2,0.00098,5.3,0.3282034
FRB20190601A,2019-06-01 00:00:00,58635,190.11,62.72,2227.891,16.4,0.0059,2.7,2.227891
FRB20190601B,2019-06-01 00:00:00,58635,17.88,23.82,787.795,62.7,0.02458,13.0,0.7877949999999999
FRB20190601D,2019-06-01 00:00:00,58635,85.86,79.35,668.47,11.5,0.01081,5.7,0.66847
FRB20190601C,2019-06-01 00:00:00,58635,88.52,28.47,424.0656,47.9,0.0059,5.8,0.42406560000000004
FRB20190601C,2019-06-01 00:00:00,58635,88.52,28.47,424.0656,47.9,0.0059,5.8,0.42406560000000004
FRB20190603B,2019-06-03 00:00:00,58637,48.87,74.28,504.317,12.7,0.00393,6.2,0.504317
FRB20190603A,2019-06-03 00:00:00,58637,29.5031258,65.7167542,349.581,10.5,0.00393,0.76,0.34958100000000003
FRB20190604D,2019-06-04 00:00:00,58638,199.93,15.73,1021.169,15.0,0.00295,2.48,1.021169
FRB20190604A,2019-06-04 00:00:00,58638,218.78,53.28,552.485,70.0,0.00983,7.8,0.552485
FRB20190604E,2019-06-04 00:00:00,58638,235.59,32.06,1218.5965,19.7,0.00197,2.26,1.2185965
FRB20190604F,2019-06-04 00:00:00,58638,29.5031258,65.7167542,348.7248,98.8,0.00786,21.0,0.3487248
FRB20190604F,2019-06-04 00:00:00,58638,29.5031258,65.7167542,348.7248,98.8,0.00786,21.0,0.3487248
FRB20190604F,2019-06-04 00:00:00,58638,29.5031258,65.7167542,348.7248,98.8,0.00786,21.0,0.3487248
FRB20190604C,2019-06-04 00:00:00,58638,77.39,49.3,515.636,61.6,0.02064,26.2,0.515636
FRB20190604G,2019-06-04 00:00:00,58638,120.81,59.5,233.0453,24.8,0.00492,4.49,0.2330453
FRB20190605C,2019-06-05 00:00:00,58639,168.32,-5.19,187.6421,47.5,0.00098,4.4,0.1876421
FRB20190605D,2019-06-05 00:00:00,58639,26.72,28.62,1656.5332,17.4,0.00393,2.16,1.6565332000000001
FRB20190605A,2019-06-05 00:00:00,58639,29.5031258,65.7167542,349.816,55.5,0.00786,7.5,0.34981599999999996
FRB20190605B,2019-06-05 00:00:00,58639,29.5031258,65.7167542,348.711,87.8,0.02556,24.9,0.348711
FRB20190605B,2019-06-05 00:00:00,58639,29.5031258,65.7167542,348.711,87.8,0.02556,24.9,0.348711
FRB20190605B,2019-06-05 00:00:00,58639,29.5031258,65.7167542,348.711,87.8,0.02556,24.9,0.348711
FRB20190606A,2019-06-06 00:00:00,58640,218.78,53.28,552.592,18.3,0.00393,1.87,0.552592
FRB20190606B,2019-06-06 00:00:00,58640,108.79,86.85,277.486,39.9,0.00688,17.4,0.277486
FRB20190607A,2019-06-07 00:00:00,58641,26.23,23.66,562.4528,142.0,0.00492,21.3,0.5624528
FRB20190607B,2019-06-07 00:00:00,58641,42.02,49.62,289.376,17.5,0.00295,3.2,0.28937599999999997
FRB20190608A,2019-06-08 00:00:00,58642,359.23,19.17,722.1756,14.4,0.00098,1.51,0.7221756
FRB20190609A,2019-06-09 00:00:00,58643,345.3,87.94,316.6434,21.0,0.00492,10.4,0.31664339999999996
FRB20190609A,2019-06-09 00:00:00,58643,345.3,87.94,316.6434,21.0,0.00492,10.4,0.31664339999999996
FRB20190609B,2019-06-09 00:00:00,58643,210.49,88.35,292.1875,76.5,0.00098,22.2,0.2921875
FRB20190609C,2019-06-09 00:00:00,58643,73.17,24.06,480.282,17.1,0.00098,1.91,0.480282
FRB20190609D,2019-06-09 00:00:00,58643,115.94,51.69,511.714,16.2,0.00295,2.36,0.511714
FRB20190611A,2019-06-11 00:00:00,58645,65.54,73.63,190.449,26.2,0.00688,8.4,0.190449
FRB20190611A,2019-06-11 00:00:00,58645,65.54,73.63,190.449,26.2,0.00688,8.4,0.190449
FRB20190612A,2019-06-12 00:00:00,58646,148.16,70.42,432.291,22.2,0.07078,20.0,0.432291
FRB20190612B,2019-06-12 00:00:00,58646,222.21,4.31,187.5997,25.6,0.00098,3.78,0.1875997
FRB20190612C,2019-06-12 00:00:00,58646,79.12,61.01,1641.5697,36.2,0.00393,12.1,1.6415697
FRB20190613A,2019-06-13 00:00:00,58647,257.4,18.85,714.977,14.1,0.00786,8.0,0.714977
FRB20190613B,2019-06-13 00:00:00,58647,65.75,42.67,285.1379,44.5,0.00098,1.26,0.2851379
FRB20190614A,2019-06-14 00:00:00,58648,179.79,88.33,1064.039,14.7,0.00393,2.21,1.064039
FRB20190614B,2019-06-14 00:00:00,58648,332.86,24.69,581.9146,54.8,0.00197,8.4,0.5819146
FRB20190614C,2019-06-14 00:00:00,58648,356.5,35.91,589.163,9.7,0.00492,2.91,0.589163
FRB20190616A,2019-06-16 00:00:00,58650,234.03,34.48,212.5867,13.4,0.00197,1.67,0.21258670000000002
FRB20190617A,2019-06-17 00:00:00,58651,178.6,83.87,195.7693,156.4,0.00492,21.0,0.19576929999999998
FRB20190617B,2019-06-17 00:00:00,58651,56.43,1.16,273.51,16.3,0.01376,9.2,0.27351
FRB20190617C,2019-06-17 00:00:00,58651,134.37,35.7,640.156,14.1,0.00983,4.1,0.640156
FRB20190618A,2019-06-18 00:00:00,58652,321.25,25.44,228.9469,52.5,0.00197,4.3,0.2289469
FRB20190619A,2019-06-19 00:00:00,58653,165.18,68.37,899.9116,15.9,0.00197,3.33,0.8999116
FRB20190619B,2019-06-19 00:00:00,58653,231.74,82.15,270.5868,19.0,0.00098,4.5,0.27058679999999996
FRB20190619C,2019-06-19 00:00:00,58653,38.29,36.33,488.2712,11.5,0.00098,1.22,0.4882712
FRB20190619D,2019-06-19 00:00:00,58653,114.79,41.59,378.466,18.4,0.03244,6.5,0.378466
FRB20190621A,2019-06-21 00:00:00,58655,188.22,74.19,197.32,11.1,0.01966,0.88,0.19732
FRB20190621B,2019-06-21 00:00:00,58655,193.14,55.64,1061.234,9.9,0.00197,1.19,1.061234
FRB20190621C,2019-06-21 00:00:00,58655,206.57,5.23,570.2672,17.5,0.00098,2.38,0.5702672
FRB20190621D,2019-06-21 00:00:00,58655,270.63,78.89,647.514,20.0,0.00393,4.3,0.647514
FRB20190622A,2019-06-22 00:00:00,58656,298.98,85.81,1122.818,13.7,0.00197,1.28,1.122818
FRB20190623A,2019-06-23 00:00:00,58657,270.48,24.52,1082.201,11.1,0.00295,0.86,1.082201
FRB20190623B,2019-06-23 00:00:00,58657,335.22,46.12,1556.765,37.2,0.00197,2.78,1.5567650000000002
FRB20190623C,2019-06-23 00:00:00,58657,192.31,86.03,1049.826,15.0,0.0059,5.9,1.049826
FRB20190624A,2019-06-24 00:00:00,58658,168.32,69.78,973.847,19.2,0.0059,3.01,0.973847
FRB20190624B,2019-06-24 00:00:00,58658,304.65,73.61,213.9222,80.4,0.00098,20.0,0.2139222
FRB20190625A,2019-06-25 00:00:00,58659,227.91,32.88,302.14,38.7,0.058,11.9,0.30213999999999996
FRB20190625E,2019-06-25 00:00:00,58659,65.54,73.63,188.533,27.8,0.00295,4.2,0.18853299999999998
FRB20190625E,2019-06-25 00:00:00,58659,65.54,73.63,188.533,27.8,0.00295,4.2,0.18853299999999998
FRB20190625E,2019-06-25 00:00:00,58659,65.54,73.63,188.533,27.8,0.00295,4.2,0.18853299999999998
FRB20190625C,2019-06-25 00:00:00,58659,73.2,11.1,442.2388,21.1,0.00098,4.02,0.44223880000000004
FRB20190625D,2019-06-25 00:00:00,58659,115.02,4.87,717.8831,66.9,0.00197,12.1,0.7178831
FRB20190626A,2019-06-26 00:00:00,58660,65.54,73.63,192.49,17.6,0.04227,5.3,0.19249000000000002
FRB20190627A,2019-06-27 00:00:00,58661,195.89,0.75,404.2213,14.7,0.00197,2.62,0.4042213
FRB20190627B,2019-06-27 00:00:00,58661,256.4,40.79,430.3224,68.4,0.00295,10.2,0.4303224
FRB20190627C,2019-06-27 00:00:00,58661,267.88,71.58,968.6127,57.0,0.00197,11.3,0.9686127
FRB20190627D,2019-06-27 00:00:00,58661,295.33,43.84,2002.242,15.0,0.00786,1.54,2.002242
FRB20190628A,2019-06-28 00:00:00,58662,199.06,51.75,745.843,14.4,0.00098,1.28,0.7458429999999999
FRB20190628B,2019-06-28 00:00:00,58662,248.48,80.14,408.009,16.3,0.00295,1.39,0.408009
FRB20190628C,2019-06-28 00:00:00,58662,11.52,48.59,1748.44,13.7,0.01966,2.45,1.74844
FRB20190629A,2019-06-29 00:00:00,58663,6.34,12.67,503.779,13.2,0.00393,3.05,0.503779
FRB20190630B,2019-06-30 00:00:00,58664,328.21,43.01,652.145,93.3,0.02064,14.7,0.652145
FRB20190630A,2019-06-30 00:00:00,58664,331.71,17.37,392.438,31.2,0.02163,4.8,0.392438
FRB20190630C,2019-06-30 00:00:00,58664,68.38,80.95,1660.347,14.2,0.00393,2.27,1.660347
FRB20190630D,2019-06-30 00:00:00,58664,143.36,8.9,323.5174,19.7,0.00197,2.6,0.3235174
FRB20190701A,2019-07-01 00:00:00,58665,277.47,59.04,637.0934,14.6,0.00197,1.7,0.6370933999999999
FRB20190701B,2019-07-01 00:00:00,58665,302.93,80.18,749.114,17.5,0.00295,1.9,0.7491140000000001
FRB20190701C,2019-07-01 00:00:00,58665,96.36,81.63,974.195,16.8,0.00197,2.5,0.974195
FRB20190701D,2019-07-01 00:00:00,58665,112.1,66.7,933.3629,44.8,0.00885,8.6,0.9333629
FRB20190701E,2019-07-01 00:00:00,58665,138.57,61.71,890.4771,16.7,0.00295,2.0,0.8904770999999999
