event_id,utc,ra,dec,energy_tev,signalness,notice_type,mjd,z_est
132707_54984442_rev0,2019-06-19 13:14:18.040000+00:00,342.7772,10.0547,198.7,0.54551,GOLD,58653.5515976852,
132707_54984442_rev1,2019-06-19 13:14:18.040000+00:00,343.2599,10.73,198.7,0.54551,GOLD,58653.5515976852,
132768_5390846_rev1,2019-06-29 19:24:15.120000+00:00,27.2199,84.3299,107.67,0.33892,BRONZE,58663.808508333335,
132768_5390846_rev0,2019-06-29 19:24:15.120000+00:00,25.6392,84.5382,107.67,0.33892,BRONZE,58663.808508333335,
132792_60166398_rev1,2019-07-04 18:48:52.250000+00:00,161.8499,27.1099,154.99,0.48607,BRONZE,58668.783938078705,
132792_60166398_rev0,2019-07-04 18:48:52.250000+00:00,161.408,27.419,154.99,0.48607,BRONZE,58668.783938078705,
132814_44222682_rev1,2019-07-12 01:15:17.380000+00:00,76.4599,13.06,108.67,0.30332,BRONZE,58676.05228449074,
132814_44222682_rev0,2019-07-12 01:15:17.380000+00:00,78.8869,12.4438,108.67,0.30332,BRONZE,58676.05228449074,
132910_57145925_rev0,2019-07-30 20:50:41.310000+00:00,226.8302,10.5078,298.81,0.67158,GOLD,58694.86853368056,
132910_57145925_rev1,2019-07-30 20:50:41.310000+00:00,225.7899,10.47,298.81,0.67158,GOLD,58694.86853368056,
132974_67924813_rev0,2019-08-19 17:34:24.230000+00:00,148.807,0.9571,113.16,0.29215,BRONZE,58714.732224884254,
133091_81419_rev0,2019-09-22 09:42:45.620000+00:00,166.9361,-24.5066,3113.9,0.20165,GOLD,58748.404694675926,
133091_81419_rev1,2019-09-22 09:42:45.620000+00:00,167.43,-22.39,3113.9,0.20165,GOLD,58748.404694675926,
133092_52499868_rev0,2019-09-22 23:03:55.560000+00:00,6.0049,-1.4881,187.37,0.50501,GOLD,58748.96105972221,
133092_52499868_rev1,2019-09-22 23:03:55.560000+00:00,5.7599,-1.57,187.37,0.50501,GOLD,58748.96105972221,
133119_22683750_rev0,2019-10-01 20:09:18.170000+00:00,314.355,12.5755,217.42,0.58898,GOLD,58757.83979363426,
133119_22683750_rev1,2019-10-01 20:09:18.170000+00:00,314.0799,12.9399,217.42,0.58898,GOLD,58757.83979363426,
133331_47828126_rev0,2019-11-19 01:01:29.380000+00:00,228.668,3.35,176.48,0.44999,GOLD,58806.04270115741,
133331_47828126_rev1,2019-11-19 01:01:29.380000+00:00,230.0999,2.1699,176.48,0.44999,GOLD,58806.04270115741,
133331_47828126_rev2,2019-11-19 01:01:29.380000+00:00,230.0999,3.1699,176.48,0.44999,GOLD,58806.04270115741,
133348_80807014_rev0,2019-11-22 22:45:10.490000+00:00,28.2526,0.0747,128.44,0.33128,BRONZE,58809.94803807871,
133348_80807014_rev1,2019-11-22 22:45:10.490000+00:00,27.25,-0.04,128.44,0.33128,BRONZE,58809.94803807871,
133394_27261780_rev1,2019-12-04 22:46:11.310000+00:00,79.7199,2.7999,130.2,0.32711,BRONZE,58821.94874201389,
133394_27261780_rev0,2019-12-04 22:46:11.310000+00:00,79.4003,2.8418,130.2,0.32711,BRONZE,58821.94874201389,
133433_29047901_rev0,2019-12-15 11:09:57.630000+00:00,286.9935,58.3148,132.65,0.4749,BRONZE,58832.465250347224,
133433_29047901_rev1,2019-12-15 11:09:57.630000+00:00,285.87,58.92,132.65,0.4749,BRONZE,58832.465250347224,
133572_82361476_rev0,2019-12-31 11:00:06.070000+00:00,48.2727,18.7073,155.38,0.46281,BRONZE,58848.45840358796,
133572_82361476_rev1,2020-01-01 11:00:06.070000+00:00,46.3599,20.42,155.38,0.46281,BRONZE,58849.45840358796,
133609_37927131_rev0,2020-01-09 23:41:39.930000+00:00,165.2663,14.9288,375.23,0.76931,GOLD,58857.98726770834,
133609_37927131_rev1,2020-01-09 23:41:39.930000+00:00,164.49,11.8699,375.23,0.76931,GOLD,58857.98726770834,
133634_1410505_rev0,2020-01-17 11:08:29.690000+00:00,115.9608,29.3197,108.39,0.3754,BRONZE,58865.464232523154,
133634_1410505_rev1,2020-01-17 11:08:29.690000+00:00,116.2399,29.1299,108.39,0.3754,BRONZE,58865.464232523154,
133644_43767651_rev1,2020-01-20 18:48:18.550000+00:00,67.4599,-14.63,6070.2,0.32893,BRONZE,58868.7835480324,
133644_43767651_rev0,2020-01-20 18:48:18.550000+00:00,67.7381,-14.587,6070.2,0.32893,BRONZE,58868.7835480324,
133781_21701751_rev0,2020-02-27 05:36:31.490000+00:00,348.2598,21.3235,109.5,0.35075,BRONZE,58906.233697800926,
133945_24635982_rev0,2020-04-10 23:19:55.480000+00:00,241.2657,11.585,110.0,0.30535,BRONZE,58949.972169907414,
133945_24635982_rev1,2020-04-10 23:19:55.480000+00:00,242.58,11.6099,110.0,0.30535,BRONZE,58949.972169907414,
133985_60770138_rev0,2020-04-21 00:35:24.240000+00:00,89.2549,7.9065,126.97,0.33312,BRONZE,58960.02458611111,
133985_60770138_rev1,2020-04-21 00:35:24.240000+00:00,87.93,8.23,126.97,0.33312,BRONZE,58960.02458611111,
134013_16038252_rev1,2020-04-25 23:26:46.340000+00:00,100.0999,53.57,134.87,0.48106,BRONZE,58964.97692523148,
134013_16038252_rev0,2020-04-25 23:26:46.340000+00:00,100.5857,52.648,134.87,0.48106,BRONZE,58964.97692523148,
134081_58268464_rev1,2020-05-12 07:31:27.750000+00:00,295.18,15.7899,108.77,0.32159,BRONZE,58981.313515625,
134081_58268464_rev0,2020-05-12 07:31:27.750000+00:00,295.4176,15.9766,108.77,0.32159,BRONZE,58981.313515625,
134116_58596690_rev0,2020-05-23 02:30:07.590000+00:00,338.9127,2.1494,105.08,0.24998,BRONZE,58992.10425451388,
134116_58596690_rev1,2020-05-23 02:30:07.590000+00:00,338.6399,1.75,105.08,0.24998,BRONZE,58992.10425451388,
134139_35473338_rev0,2020-05-30 07:54:29.430000+00:00,254.3994,27.4596,82.186,0.5917,GOLD,58999.32950729166,
134139_35473338_rev1,2020-05-30 07:54:29.430000+00:00,255.37,26.6099,82.186,0.5917,GOLD,58999.32950729166,
134187_72386329_rev0,2020-06-14 12:41:21.410000+00:00,28.7043,31.1927,115.05,0.41553,BRONZE,59014.52872002315,
134187_72386329_rev1,2020-06-14 12:41:21.410000+00:00,33.84,31.6099,115.05,0.41553,BRONZE,59014.52872002315,
134191_17593623_rev0,2020-06-15 14:49:17.370000+00:00,143.4519,3.7891,496.36,0.82832,GOLD,59015.61756215279,
134191_17593623_rev1,2020-06-15 14:49:17.370000+00:00,142.9499,3.66,496.36,0.82832,GOLD,59015.61756215279,
134207_33533447_rev0,2020-06-20 03:03:32.280000+00:00,162.2481,11.9072,113.5,0.32464,BRONZE,59020.12745694445,
134207_33533447_rev1,2020-06-20 03:03:32.280000+00:00,162.11,11.9499,113.5,0.32464,BRONZE,59020.12745694445,
134327_10548129_rev0,2020-07-28 08:17:51.990000+00:00,117.5554,-24.8475,42024.0,0.3931,GOLD,59058.345740624995,
134354_59221243_rev0,2020-08-06 13:50:56.430000+00:00,157.1184,47.7174,107.35,0.39728,BRONZE,59067.577042013894,
134354_59221243_rev1,2020-08-06 13:50:56.430000+00:00,157.25,47.75,107.35,0.39728,BRONZE,59067.577042013894,
134482_27754576_rev0,2020-09-11 14:19:46.230000+00:00,42.17,38.1328,110.79,0.40813,BRONZE,59103.59706284722,
134482_27754576_rev1,2020-09-11 14:19:46.230000+00:00,51.1099,38.1099,110.79,0.40813,BRONZE,59103.59706284722,
134498_12605830_rev0,2020-09-16 20:40:30.950000+00:00,109.4019,14.3487,110.48,0.32226,BRONZE,59108.8614693287,
134498_12605830_rev1,2020-09-16 20:40:30.950000+00:00,109.78,14.3599,110.48,0.32226,BRONZE,59108.8614693287,
134512_71996695_rev1,2020-09-21 19:07:12.890000+00:00,195.2899,26.2399,117.17,0.40945,BRONZE,59113.7966769676,
134512_71996695_rev0,2020-09-21 19:07:12.890000+00:00,195.1971,26.4296,117.17,0.40945,BRONZE,59113.7966769676,
134533_53384881_rev1,2020-09-26 07:54:11.620000+00:00,96.4599,-4.33,670.5,0.44137,GOLD,59118.329301157406,
134533_53384881_rev0,2020-09-26 07:54:11.620000+00:00,96.5731,-4.2048,670.5,0.44137,GOLD,59118.329301157406,
134535_41069485_rev0,2020-09-26 22:35:29.220000+00:00,188.799,32.069,121.42,0.43381,BRONZE,59118.94131041666,
134535_41069485_rev1,2020-09-26 22:35:29.220000+00:00,184.75,32.9299,121.42,0.43381,BRONZE,59118.94131041666,
134552_68615710_rev0,2020-09-29 17:48:36.830000+00:00,29.0479,3.081,182.89,0.47479,GOLD,59121.742092939814,
134552_68615710_rev1,2020-09-29 17:48:36.830000+00:00,29.5199,3.47,182.89,0.47479,GOLD,59121.742092939814,
134577_31638233_rev0,2020-10-07 22:01:49.280000+00:00,265.058,5.382,682.65,0.88552,GOLD,59129.917931481476,
134577_31638233_rev1,2020-10-07 22:01:49.280000+00:00,265.17,5.3399,682.65,0.88552,GOLD,59129.917931481476,
134599_66310113_rev0,2020-10-14 02:13:27.530000+00:00,220.3816,14.4172,146.93,0.41371,BRONZE,59136.09267974538,
134599_66310113_rev1,2020-10-14 02:13:27.530000+00:00,221.2199,14.4399,146.93,0.41371,BRONZE,59136.09267974538,
134621_31008065_rev2,2020-10-21 06:37:47.480000+00:00,260.8199,14.55,105.27,0.29662,BRONZE,59143.27624398149,
134621_31008065_rev0,2020-10-21 06:37:47.480000+00:00,260.689,14.6529,105.27,0.29662,BRONZE,59143.27624398149,
134621_31008065_rev1,2020-10-21 06:37:47.480000+00:00,260.92,14.55,105.27,0.29662,BRONZE,59143.27624398149,
134698_40735501_rev0,2020-11-14 15:05:31.960000+00:00,104.6881,5.9423,214.29,0.56208,GOLD,59167.62884212963,
134698_40735501_rev1,2020-11-14 15:05:31.960000+00:00,105.25,6.0499,214.29,0.56208,GOLD,59167.62884212963,
134699_70289682_rev0,2020-11-15 02:07:26.210000+00:00,193.7576,1.2903,177.38,0.45973,GOLD,59168.08849780093,
134699_70289682_rev1,2020-11-15 02:07:26.210000+00:00,195.12,1.3799,177.38,0.45973,GOLD,59168.08849780093,
134701_49508272_rev0,2020-11-15 16:01:42.960000+00:00,148.7519,-21.6418,26182.0,0.49261,GOLD,59168.667858333334,
134715_65785778_rev0,2020-11-20 09:44:40.550000+00:00,307.8471,40.1903,153.96,0.50338,BRONZE,59173.40602488425,
134715_65785778_rev1,2020-11-20 09:44:40.550000+00:00,307.5299,40.77,153.96,0.50338,BRONZE,59173.40602488425,
134751_31476488_rev1,2020-11-30 20:21:46.470000+00:00,30.5399,-12.0999,203.47,0.14696,GOLD,59183.84845451388,
134751_31476488_rev0,2020-11-30 20:21:46.470000+00:00,30.495,-11.6137,203.47,0.14696,GOLD,59183.84845451388,
134777_8912764_rev0,2020-12-09 10:15:43.940000+00:00,6.401,-10.0181,418.6,0.19226,GOLD,59192.427591898144,
134777_8912764_rev1,2020-12-09 10:15:43.940000+00:00,6.86,-9.25,418.6,0.19226,GOLD,59192.427591898144,
134817_29175858_rev0,2020-12-21 12:36:53.450000+00:00,262.5451,41.4062,174.54,0.56429,GOLD,59204.52561863427,
134817_29175858_rev1,2020-12-21 12:36:53.450000+00:00,261.6899,41.81,174.54,0.56429,GOLD,59204.52561863427,
134818_73718836_rev0,2020-12-22 00:56:16.140000+00:00,206.6403,13.4825,185.78,0.5337,GOLD,59205.03907569445,
134818_73718836_rev1,2020-12-22 00:56:16.140000+00:00,206.37,13.4399,185.78,0.5337,GOLD,59205.03907569445,
134979_17138286_rev0,2021-02-10 11:53:55.640000+00:00,206.1922,4.7734,287.41,0.65464,GOLD,59255.49578287038,
134979_17138286_rev1,2021-02-10 11:53:55.640000+00:00,206.06,4.78,287.41,0.65464,GOLD,59255.49578287038,
134994_1103075_rev0,2021-02-13 18:40:24.510000+00:00,155.2582,-35.3994,1450.4,0.6073,GOLD,59258.77806145834,
135113_19489408_rev0,2021-03-22 02:34:09.170000+00:00,85.5066,-44.7217,54.853,0.45899,BRONZE,59295.10705057871,
135270_69188496_rev0,2021-05-10 04:50:10.730000+00:00,267.9106,4.0004,113.03,0.28151,BRONZE,59344.20151307871,
135292_56063172_rev0,2021-05-16 14:38:20.330000+00:00,91.8213,9.7002,109.12,0.2886,BRONZE,59350.60995752315,
135292_56063172_rev1,2021-05-16 14:38:20.330000+00:00,91.76,9.5199,109.12,0.2886,BRONZE,59350.60995752315,
135302_36915486_rev0,2021-05-19 20:40:02.930000+00:00,167.6902,-25.8725,320.04,0.33167,BRONZE,59353.861145023155,
135363_69917294_rev0,2021-06-08 03:41:00.970000+00:00,337.0182,18.647,105.17,0.3147,BRONZE,59373.153483449074,
135363_69917294_rev1,2021-06-08 03:41:00.970000+00:00,337.41,18.37,105.17,0.3147,BRONZE,59373.153483449074,
135440_3139778_rev0,2021-06-29 18:09:44.220000+00:00,340.635,12.6111,120.95,0.35083,BRONZE,59394.75676180556,
135440_3139778_rev1,2021-06-29 18:09:44.220000+00:00,340.75,12.9399,120.95,0.35083,BRONZE,59394.75676180556,
135553_7213992_rev1,2021-07-30 22:12:40.620000+00:00,105.73,14.7899,109.42,0.3193,BRONZE,59425.925470138885,
135553_7213992_rev0,2021-07-30 22:12:40.620000+00:00,105.836,14.8168,109.42,0.3193,BRONZE,59425.925470138885,
135591_36044887_rev1,2021-08-11 02:02:44.030000+00:00,270.79,25.28,217.67,0.65826,GOLD,59437.0852318287,
135591_36044887_rev0,2021-08-11 02:02:44.030000+00:00,271.4236,25.3668,217.67,0.65826,GOLD,59437.0852318287,
135736_30987826_rev0,2021-09-22 18:17:20.940000+00:00,60.2786,-4.3204,750.76,0.92534,GOLD,59479.76204791667,
135736_30987826_rev1,2021-09-22 18:17:20.940000+00:00,60.7299,-4.1799,750.76,0.92534,GOLD,59479.76204791667,
135832_55176071_rev0,2021-10-23 08:31:18.310000+00:00,253.5841,-1.8364,120.64,0.32606,BRONZE,59510.3550730324,
135832_55176071_rev1,2021-10-23 08:31:18.310000+00:00,253.3,-1.7199,120.64,0.32606,BRONZE,59510.3550730324,
135906_30719293_rev0,2021-11-16 10:33:16.050000+00:00,41.723,0.2965,161.32,0.40161,BRONZE,59534.439769097226,
135906_30719293_rev1,2021-11-16 10:33:16.050000+00:00,42.45,0.1499,161.32,0.40161,BRONZE,59534.439769097226,
135908_43512334_rev0,2021-11-17 03:50:57.180000+00:00,225.9338,-0.2016,195.03,0.5259,GOLD,59535.16038402778,
135930_15193553_rev0,2021-11-23 14:25:22.600000+00:00,265.1466,7.0443,142.07,0.3558,BRONZE,59541.60095601851,
135930_15193553_rev1,2021-11-23 14:25:22.600000+00:00,265.5199,7.33,142.07,0.3558,BRONZE,59541.60095601851,
135936_74588253_rev0,2021-11-25 06:22:21.550000+00:00,43.666,21.5423,117.49,0.38994,BRONZE,59543.26552719907,
135936_74588253_rev1,2021-11-25 06:22:21.550000+00:00,43.59,22.5899,117.49,0.38994,BRONZE,59543.26552719907,
136015_21306805_rev0,2021-12-08 20:02:51.090000+00:00,113.9019,15.6944,171.08,0.50234,BRONZE,59556.83531354167,
136015_21306805_rev1,2021-12-08 20:02:51.090000+00:00,114.5199,15.56,171.08,0.50234,BRONZE,59556.83531354167,
136055_348073_rev0,2021-12-16 07:07:38.130000+00:00,316.3685,15.9172,113.01,0.34356,BRONZE,59564.296969097224,
136055_348073_rev1,2021-12-16 07:07:38.130000+00:00,316.05,15.7899,113.01,0.34356,BRONZE,59564.296969097224,
136057_6147475_rev1,2021-12-16 23:41:13.930000+00:00,199.34,17.0399,112.54,0.34634,BRONZE,59564.98696678241,
136057_6147475_rev0,2021-12-16 23:41:13.930000+00:00,199.6358,16.9163,112.54,0.34634,BRONZE,59564.98696678241,
136170_48281000_rev1,2022-01-15 12:11:39.750000+00:00,357.4499,25.28,109.95,0.36966,BRONZE,59594.50809895834,
136170_48281000_rev0,2022-01-15 12:11:39.750000+00:00,357.327,25.1251,109.95,0.36966,BRONZE,59594.50809895834,
136241_22093816_rev0,2022-02-02 11:48:38.580000+00:00,22.6133,-3.7224,150.94,0.20564,GOLD,59612.49211319444,
136241_22093816_rev1,2022-02-02 11:48:38.580000+00:00,21.3599,-3.8799,150.94,0.20564,GOLD,59612.49211319444,
136249_27650203_rev1,2022-02-05 00:22:39.739625+00:00,216.12,15.56,109.58,0.32225,BRONZE,59615.01573772715,
136249_27650203_rev0,2022-02-05 00:22:39.739625+00:00,215.906053,15.264994,109.58,0.32225,BRONZE,59615.01573772715,
136260_4895987_rev0,2022-02-05 20:08:10.595192+00:00,266.804401,-3.57495,215.88,0.59235,GOLD,59615.83901151842,
136348_65788242_rev0,2022-02-21 00:42:19.110000+00:00,289.8533,36.0981,157.43,0.67267,GOLD,59631.029387847215,
136348_65788242_rev1,2022-02-21 00:42:19.110000+00:00,287.8399,20.7399,157.43,0.67267,GOLD,59631.029387847215,
136366_14203460_rev0,2022-02-25 14:12:00.680000+00:00,33.7618,-0.1969,153.57,0.37766,BRONZE,59635.59167453703,
136366_14203460_rev1,2022-02-25 14:12:00.680000+00:00,34.7199,0.0,153.57,0.37766,BRONZE,59635.59167453703,
136385_7450363_rev0,2022-03-03 18:00:07.620000+00:00,267.3978,10.988,398.11,0.76419,GOLD,59641.75008819444,
136385_7450363_rev1,2022-03-03 18:00:07.620000+00:00,267.8,11.4199,398.11,0.76419,GOLD,59641.75008819444,
136388_4701751_rev0,2022-03-04 17:44:12.210000+00:00,48.83,4.4643,263.21,0.6311,GOLD,59642.73903020834,
136388_4701751_rev1,2022-03-04 17:44:12.210000+00:00,48.78,4.48,263.21,0.6311,GOLD,59642.73903020834,
136392_25495567_rev0,2022-03-06 03:46:37.060000+00:00,314.8986,8.8826,413.05,0.77357,GOLD,59644.157373379625,
136392_25495567_rev1,2022-03-06 03:46:37.060000+00:00,314.8199,8.6099,413.05,0.77357,GOLD,59644.157373379625,
136441_11435033_rev0,2022-03-17 02:32:17.680000+00:00,155.4038,11.3143,132.62,0.36467,BRONZE,59655.105760185186,
136441_11435033_rev1,2022-03-17 02:32:17.680000+00:00,155.74,11.1899,132.62,0.36467,BRONZE,59655.105760185186,
136504_1833389_rev1,2022-04-05 04:57:26.110000+00:00,134.4699,-1.27,121.81,0.32315,BRONZE,59674.20655219907,
136504_1833389_rev0,2022-04-05 04:57:26.110000+00:00,134.6472,-1.218,121.81,0.32315,BRONZE,59674.20655219907,
136506_15341152_rev1,2022-04-05 22:20:03.410000+00:00,320.62,29.0599,106.32,0.36433,BRONZE,59674.93059502314,
136506_15341152_rev0,2022-04-05 22:20:03.410000+00:00,320.2731,29.2739,106.32,0.36433,BRONZE,59674.93059502314,
136556_43687362_rev0,2022-04-21 05:20:18.250000+00:00,114.3655,6.0374,155.06,0.37463,BRONZE,59690.222433449075,
136556_43687362_rev1,2022-04-21 05:20:18.250000+00:00,113.64,5.83,155.06,0.37463,BRONZE,59690.222433449075,
136565_2186969_rev0,2022-04-24 01:06:24.060000+00:00,345.7573,8.8562,183.99,0.49659,GOLD,59693.04611180556,
136565_2186969_rev1,2022-04-24 01:06:24.060000+00:00,346.11,8.91,183.99,0.49659,GOLD,59693.04611180556,
136568_17854328_rev0,2022-04-25 02:44:57.810000+00:00,268.3742,-12.3097,603.95,0.16877,GOLD,59694.114557986104,
136568_17854328_rev1,2022-04-25 02:44:57.810000+00:00,268.24,-10.73,603.95,0.16877,GOLD,59694.114557986104,
136588_56014830_rev0,2022-05-01 22:50:58.630000+00:00,311.6906,18.7115,127.03,0.39646,BRONZE,59700.95206747684,
136588_56014830_rev1,2022-05-01 22:50:58.630000+00:00,311.5699,18.6799,127.03,0.39646,BRONZE,59700.95206747684,
136615_14688828_rev1,2022-05-09 18:19:04.110000+00:00,334.25,5.3799,176.81,0.44648,GOLD,59708.76324201388,
136615_14688828_rev0,2022-05-09 18:19:04.110000+00:00,334.6456,4.9529,176.81,0.44648,GOLD,59708.76324201388,
136627_61640402_rev1,2022-05-13 23:23:12.600000+00:00,224.03,-1.34,207.92,0.56014,GOLD,59712.974451388895,
136627_61640402_rev0,2022-05-13 23:23:12.600000+00:00,223.2208,-1.2193,207.92,0.56014,GOLD,59712.974451388895,
136662_35405932_rev0,2022-05-24 07:41:32.180000+00:00,48.8497,-3.5219,116.04,0.33628,BRONZE,59723.32051134259,
136662_35405932_rev1,2022-05-24 07:41:32.180000+00:00,47.2,-3.2799,116.04,0.33628,BRONZE,59723.32051134259,
136766_7637140_rev0,2022-06-24 16:13:16.400000+00:00,224.3965,40.6862,192.97,0.6087,GOLD,59754.67588425925,
136766_7637140_rev1,2022-06-24 16:13:16.400000+00:00,224.12,41.31,192.97,0.6087,GOLD,59754.67588425925,
136775_22443736_rev0,2022-06-27 17:51:54.270000+00:00,165.4228,5.0,126.12,0.31383,BRONZE,59757.744378125004,
136775_22443736_rev1,2022-06-27 17:51:54.270000+00:00,165.59,5.2999,126.12,0.31383,BRONZE,59757.744378125004,
136783_66879340_rev0,2022-06-29 23:51:31.690000+00:00,164.151,4.3017,118.63,0.30109,BRONZE,59759.994116782414,
136783_66879340_rev1,2022-06-29 23:51:31.690000+00:00,163.9199,4.33,118.63,0.30109,BRONZE,59759.994116782414,
136918_45252263_rev0,2022-08-08 07:59:57.260000+00:00,132.3328,-42.7168,54.853,0.38646,BRONZE,59799.333301620376,
136973_28816141_rev0,2022-08-22 20:26:30.030000+00:00,273.4834,22.1648,114.92,0.38344,BRONZE,59813.85173645833,
136973_28816141_rev1,2022-08-22 20:26:30.030000+00:00,273.0799,21.5399,114.92,0.38344,BRONZE,59813.85173645833,
137019_70165712_rev0,2022-09-07 06:46:47.510000+00:00,223.5357,45.0493,127.76,0.46015,BRONZE,59829.2824943287,
137019_70165712_rev1,2022-09-07 06:46:47.510000+00:00,224.81,44.7,127.76,0.46015,BRONZE,59829.2824943287,
137065_22012496_rev0,2022-09-18 12:46:05.320000+00:00,75.5684,3.4555,168.34,0.41802,BRONZE,59840.53200601852,
137065_22012496_rev1,2022-09-18 12:46:05.320000+00:00,75.15,3.58,168.34,0.41802,BRONZE,59840.53200601852,
137096_70551815_rev0,2022-09-28 12:32:38.300000+00:00,208.0925,10.0339,143.15,0.37775,BRONZE,59850.52266550926,
137096_70551815_rev1,2022-09-28 12:32:38.300000+00:00,207.4199,10.4299,143.15,0.37775,BRONZE,59850.52266550926,
137217_75180896_rev0,2022-11-04 06:10:08.180000+00:00,209.9405,15.1367,108.59,0.31652,BRONZE,59887.25703912036,
137217_75180896_rev1,2022-11-04 06:10:08.180000+00:00,209.62,15.0899,108.59,0.31652,BRONZE,59887.25703912036,
137296_24212476_rev1,2022-11-24 15:46:02.260000+00:00,298.93,3.7299,143.65,0.34978,BRONZE,59907.65697060184,
137296_24212476_rev0,2022-11-24 15:46:02.260000+00:00,298.9316,3.4804,143.65,0.34978,BRONZE,59907.65697060184,
137350_7930341_rev0,2022-12-10 08:35:11.230000+00:00,332.0924,23.8409,164.66,0.50781,BRONZE,59923.357768865746,
137350_7930341_rev1,2022-12-10 08:35:11.230000+00:00,332.5799,22.75,164.66,0.50781,BRONZE,59923.357768865746,
137390_43495485_rev0,2022-12-16 06:00:14.010000+00:00,7.3111,11.2398,155.63,0.41457,BRONZE,59929.25016215278,
137390_43495485_rev1,2022-12-16 06:00:14.010000+00:00,6.86,10.4299,155.63,0.41457,BRONZE,59929.25016215278,
137467_64735045_rev0,2022-12-23 07:43:00.520000+00:00,350.5486,34.711,352.7,0.79488,GOLD,59936.32153379629,
137469_77414913_rev1,2022-12-24 00:55:09.290000+00:00,335.74,1.4199,110.61,0.27823,BRONZE,59937.038301967594,
137469_77414913_rev0,2022-12-24 00:55:09.290000+00:00,335.8428,1.3964,110.61,0.27823,BRONZE,59937.038301967594,
137487_35344578_rev1,2022-12-29 07:25:27.880000+00:00,31.8999,4.1799,205.31,0.54438,GOLD,59942.30935046295,
137487_35344578_rev0,2022-12-29 07:25:27.880000+00:00,32.5031,4.1964,205.31,0.54438,GOLD,59942.30935046295,
137537_52990531_rev0,2023-01-12 06:44:50.600000+00:00,24.8145,0.5131,111.22,0.28432,BRONZE,59956.2811412037,
137537_52990531_rev1,2023-01-12 06:44:50.600000+00:00,24.35,0.9,111.22,0.28432,BRONZE,59956.2811412037,
137571_16496893_rev0,2023-01-22 03:50:02+00:00,17.6737,8.3806,107.65,0.27309,BRONZE,59966.15974537037,
137571_16496893_rev1,2023-01-22 03:50:02+00:00,16.7899,7.78,107.65,0.27309,BRONZE,59966.15974537037,
137603_30799022_rev0,2023-02-01 06:20:54.420000+00:00,346.1406,12.0381,120.98,0.3477,BRONZE,59976.26451875,
137603_30799022_rev1,2023-02-01 06:20:54.420000+00:00,345.41,12.0999,120.98,0.3477,BRONZE,59976.26451875,
137661_22129736_rev0,2023-02-17 20:49:43.370000+00:00,124.4176,18.9153,54.853,0.45373,BRONZE,59992.86786307871,
137661_22129736_rev1,2023-02-17 20:49:43.370000+00:00,124.54,20.7399,54.853,0.45373,BRONZE,59992.86786307871,
137668_51133257_rev0,2023-02-20 07:39:10.830000+00:00,359.3311,3.3491,151.77,0.364,BRONZE,59995.31887534722,
137711_79205800_rev1,2023-03-06 10:59:30.410000+00:00,72.8599,34.2299,174.62,0.56416,GOLD,60009.45799085649,
137711_79205800_rev0,2023-03-06 10:59:30.410000+00:00,72.5846,34.0881,174.62,0.56416,GOLD,60009.45799085649,
137794_38132005_rev0,2023-04-01 16:14:18.900000+00:00,6.9169,2.8179,110.79,0.27409,BRONZE,60035.67660763888,
137794_38132005_rev1,2023-04-01 16:14:18.900000+00:00,8.1699,1.9399,110.79,0.27409,BRONZE,60035.67660763888,
137806_8756840_rev0,2023-04-05 13:20:20.040000+00:00,118.9986,10.3269,110.43,0.29923,BRONZE,60039.5557875,
137806_8756840_rev1,2023-04-05 13:20:20.040000+00:00,120.8499,9.75,110.43,0.29923,BRONZE,60039.5557875,
137840_57034692_rev0,2023-04-16 05:22:26.150000+00:00,345.8253,9.0067,127.29,0.34064,BRONZE,60050.223913773145,
137840_57034692_rev1,2023-04-16 05:22:26.150000+00:00,345.85,9.14,127.29,0.34064,BRONZE,60050.223913773145,
137910_29871391_rev0,2023-05-06 15:53:45.930000+00:00,51.3012,22.3312,211.25,0.64254,GOLD,60070.66233715278,
137910_29871391_rev1,2023-05-06 15:53:45.930000+00:00,50.1899,21.0599,211.25,0.64254,GOLD,60070.66233715278,
137932_1791376_rev1,2023-05-11 18:03:50.100000+00:00,17.05,37.0799,167.46,0.54588,BRONZE,60075.752663194435,
137932_1791376_rev0,2023-05-11 18:03:50.100000+00:00,17.7905,37.2247,167.46,0.54588,BRONZE,60075.752663194435,
137971_11526243_rev0,2023-05-24 11:09:36.240000+00:00,319.0087,2.9588,109.4,0.26669,BRONZE,60088.465002777775,
137971_11526243_rev1,2023-05-24 11:09:36.240000+00:00,318.43,2.8399,109.4,0.26669,BRONZE,60088.465002777775,
138005_24780443_rev0,2023-06-03 05:00:47.130000+00:00,66.6962,24.0938,145.21,0.45572,BRONZE,60098.208878819445,
138005_24780443_rev1,2023-06-03 05:00:47.130000+00:00,68.2,24.21,145.21,0.45572,BRONZE,60098.208878819445,
138125_11333473_rev0,2023-07-07 16:58:50.030000+00:00,268.4284,-1.8127,279.45,0.66328,GOLD,60132.707523495366,
138125_11333473_rev1,2023-07-07 16:58:50.030000+00:00,269.0299,-1.9399,279.45,0.66328,GOLD,60132.707523495366,
138125_29513102_rev0,2023-07-07 18:56:51.430000+00:00,128.1714,21.5037,154.28,0.46634,BRONZE,60132.78948414351,
138125_29513102_rev1,2023-07-07 18:56:51.430000+00:00,127.18,20.7399,154.28,0.46634,BRONZE,60132.78948414351,
138131_35302784_rev0,2023-07-08 08:17:05.210000+00:00,271.3063,8.7543,208.45,0.55963,GOLD,60133.34519918982,
138131_35302784_rev1,2023-07-08 08:17:05.210000+00:00,270.6999,8.46,208.45,0.55963,GOLD,60133.34519918982,
138181_66037171_rev1,2023-07-24 01:49:13.380000+00:00,32.52,-1.87,191.43,0.5265,GOLD,60149.075849305555,
138181_66037171_rev0,2023-07-24 01:49:13.380000+00:00,32.8295,-2.3369,191.43,0.5265,GOLD,60149.075849305555,
138193_21103478_rev1,2023-07-25 21:30:51.060000+00:00,327.04,12.33,145.04,0.39382,BRONZE,60150.89642430555,
138193_21103478_rev0,2023-07-25 21:30:51.060000+00:00,325.3444,11.8857,145.04,0.39382,BRONZE,60150.89642430555,
138198_44334860_rev0,2023-07-27 16:05:39.630000+00:00,33.2758,7.3621,113.32,0.29444,BRONZE,60152.67059756944,
138198_44334860_rev1,2023-07-27 16:05:39.630000+00:00,33.6599,7.6299,113.32,0.29444,BRONZE,60152.67059756944,
138283_14780365_rev0,2023-08-23 08:26:14.590000+00:00,19.433,-11.4977,3412.7,0.32938,GOLD,60179.351557754635,
138283_14780365_rev1,2023-08-23 08:26:14.590000+00:00,17.9299,-12.0999,3412.7,0.32938,GOLD,60179.351557754635,
138354_45413430_rev0,2023-09-14 05:21:03.710000+00:00,163.9996,32.5136,167.76,0.54363,BRONZE,60201.22295960648,
138354_45413430_rev2,2023-09-14 05:21:03.710000+00:00,163.83,31.8299,167.76,0.54363,BRONZE,60201.22295960648,
138415_56188508_rev0,2023-10-04 14:39:41.180000+00:00,143.7656,25.0511,442.18,0.84178,GOLD,60221.61089328704,
138415_56188508_rev1,2023-10-04 14:39:41.180000+00:00,143.7899,25.0399,442.18,0.84178,GOLD,60221.61089328704,
138449_20481611_rev0,2023-10-14 22:00:06.260000+00:00,296.0109,1.2386,105.32,0.25416,BRONZE,60231.91673912036,
138449_20481611_rev1,2023-10-14 22:00:06.260000+00:00,297.16,1.34,105.32,0.25416,BRONZE,60231.91673912036,
138487_60138479_rev0,2023-10-27 04:16:10.440000+00:00,268.3137,46.5106,191.51,0.62474,GOLD,60244.17789861111,
138487_60138479_rev2,2023-10-27 04:16:10.440000+00:00,267.16,46.96,191.51,0.62474,GOLD,60244.17789861111,
138515_8773328_rev0,2023-11-03 09:17:35.290000+00:00,104.2522,46.5805,180.34,0.59238,GOLD,60251.38721400463,
138515_8773328_rev1,2023-11-03 09:17:35.290000+00:00,105.67,47.85,180.34,0.59238,GOLD,60251.38721400463,
138599_39138591_rev0,2023-11-25 22:34:56.640000+00:00,176.2601,52.6366,191.73,0.63125,GOLD,60273.94093333334,
138599_39138591_rev1,2023-11-25 22:34:56.640000+00:00,177.53,53.6199,191.73,0.63125,GOLD,60273.94093333334,
138632_31747601_rev1,2023-12-02 17:08:24.090000+00:00,139.0399,0.3699,108.22,0.27139,BRONZE,60280.714167708335,
138632_31747601_rev0,2023-12-02 17:08:24.090000+00:00,138.6545,0.1418,108.22,0.27139,BRONZE,60280.714167708335,
138669_4054005_rev0,2023-12-11 00:47:31.790000+00:00,312.6131,10.0527,106.32,0.27746,BRONZE,60289.0330068287,
138669_4054005_rev1,2023-12-11 00:47:31.790000+00:00,311.48,10.2799,106.32,0.27746,BRONZE,60289.0330068287,
138821_46175426_rev0,2024-01-05 12:27:42.570000+00:00,72.8929,11.3262,109.5,0.30123,BRONZE,60314.51924270834,
138821_46175426_rev1,2024-01-05 12:27:42.570000+00:00,72.6899,11.4199,109.5,0.30123,BRONZE,60314.51924270834,
138821_46175426_rev2,2024-01-05 12:27:42.570000+00:00,72.6899,11.4199,109.5,0.30123,BRONZE,60314.51924270834,
138890_34080563_rev0,2024-01-23 11:25:36.050000+00:00,357.6378,4.3696,110.48,0.26712,BRONZE,60332.476111689815,
138890_34080563_rev1,2024-01-23 11:25:36.050000+00:00,357.54,4.2599,110.48,0.26712,BRONZE,60332.476111689815,
138938_62272876_rev1,2024-02-04 09:09:00.440000+00:00,348.3999,10.2799,155.92,0.41419,BRONZE,60344.3812550926,
138938_62272876_rev0,2024-02-04 09:09:00.440000+00:00,348.6482,11.0595,155.92,0.41419,BRONZE,60344.3812550926,
139071_47725621_rev1,2024-02-29 15:48:21.510000+00:00,72.25,15.7899,163.23,0.47676,BRONZE,60369.65858229166,
139071_47725621_rev0,2024-02-29 15:48:21.510000+00:00,72.4529,15.9956,163.23,0.47676,BRONZE,60369.65858229166,
139100_34742349_rev0,2024-03-07 07:44:57.380000+00:00,238.9767,39.6133,191.91,0.60604,GOLD,60376.3228863426,
139100_34742349_rev1,2024-03-07 07:44:57.380000+00:00,239.6299,39.9399,191.91,0.60604,GOLD,60376.3228863426,
139204_39158985_rev2,2024-03-27 11:04:49.920000+00:00,25.3999,7.78,199.66,0.53864,GOLD,60396.46168888889,
139204_39158985_rev0,2024-03-27 11:04:49.920000+00:00,25.6232,7.7106,199.66,0.53864,GOLD,60396.46168888889,
139204_39158985_rev1,2024-03-27 13:44:38+00:00,25.3999,7.78,199.66,0.53864,GOLD,60396.57266203704,
139205_9784024_rev1,2024-03-27 16:12:30.470000+00:00,89.2099,0.93,152.69,0.37111,BRONZE,60396.67535266203,
139205_9784024_rev0,2024-03-27 16:12:30.470000+00:00,88.8857,1.3239,152.69,0.37111,BRONZE,60396.67535266203,
139279_10803235_rev0,2024-04-12 05:33:46.890000+00:00,103.7861,5.8716,121.26,0.3091,BRONZE,60412.231792708335,
139279_10803235_rev1,2024-04-12 05:33:46.890000+00:00,102.4399,6.3499,121.26,0.3091,BRONZE,60412.231792708335,
139303_27647445_rev0,2024-04-19 23:25:41.040000+00:00,74.1535,1.0796,120.84,0.31477,BRONZE,60419.976169444446,
139303_27647445_rev1,2024-04-19 23:25:41.040000+00:00,73.17,1.6399,120.84,0.31477,BRONZE,60419.976169444446,
139315_50057906_rev0,2024-04-24 01:49:26+00:00,326.5299,3.1619,192.35,0.50816,GOLD,60424.07599537037,
139315_50057906_rev1,2024-04-24 01:49:26+00:00,327.0799,3.06,192.35,0.50816,GOLD,60424.07599537037,
139674_30853199_rev0,2024-07-21 16:17:25.760000+00:00,354.9429,22.5349,147.03,0.45363,BRONZE,60512.678770370374,
139674_30853199_rev1,2024-07-21 16:17:25.760000+00:00,354.99,22.67,147.03,0.45363,BRONZE,60512.678770370374,
139685_1723093_rev0,2024-07-25 05:11:37.930000+00:00,60.9671,48.8288,105.12,0.38672,BRONZE,60516.21641122686,
139685_1723093_rev1,2024-07-25 05:11:37.930000+00:00,60.95,49.31,105.12,0.38672,BRONZE,60516.21641122686,
139735_13003768_rev1,2024-08-08 06:32:39.250000+00:00,55.77,31.8299,126.77,0.44494,BRONZE,60530.27267650463,
139735_13003768_rev0,2024-08-08 06:32:39.250000+00:00,51.4909,32.456,126.77,0.44494,BRONZE,60530.27267650463,
139912_46959751_rev1,2024-09-29 09:55:54.030000+00:00,180.6599,18.92,267.79,0.7117,GOLD,60582.41381979166,
139912_46959751_rev0,2024-09-29 09:55:54.030000+00:00,180.341,19.2833,267.79,0.7117,GOLD,60582.41381979166,
139939_8268246_rev0,2024-10-06 22:38:14.300000+00:00,59.2921,8.2802,133.26,0.3469,BRONZE,60589.943221064816,
139939_8268246_rev1,2024-10-06 22:38:14.300000+00:00,58.3599,8.3499,133.26,0.3469,BRONZE,60589.943221064816,
139977_2910365_rev0,2024-10-16 00:58:31.750000+00:00,112.329,-33.5285,2403.3,0.67112,GOLD,60599.04064525463,
139977_2910365_rev1,2024-10-16 00:58:31.750000+00:00,112.329,-33.5285,0.0,0.0,GOLD,60599.04064525463,
140078_30891383_rev0,2024-11-13 00:22:20.680000+00:00,196.193,8.4907,105.44,0.26333,BRONZE,60627.01551712962,
140078_30891383_rev1,2024-11-13 14:38:33+00:00,196.1699,8.57,105.44,0.26333,BRONZE,60627.610104166655,
140125_41215060_rev0,2024-11-27 14:11:14.420000+00:00,163.7624,5.9126,187.67,0.49125,GOLD,60641.59113912037,
140125_41215060_rev1,2024-11-27 14:11:14.420000+00:00,164.09,5.3799,187.67,0.49125,GOLD,60641.59113912037,
140284_303893_rev1,2024-12-24 07:10:04.350000+00:00,184.9699,2.7599,114.26,0.29161,BRONZE,60668.298661458335,
140284_303893_rev0,2024-12-24 07:10:04.350000+00:00,185.0559,2.7671,114.26,0.29161,BRONZE,60668.298661458335,
140312_53817657_rev1,2025-01-01 21:04:57.730000+00:00,318.9599,-0.93,161.47,0.40579,BRONZE,60676.87844594907,
140312_53817657_rev0,2025-01-01 21:04:57.730000+00:00,319.0062,-0.9333,161.47,0.40579,BRONZE,60676.87844594907,
140314_61338661_rev0,2025-01-02 13:48:01.920000+00:00,262.6816,6.6574,107.0,0.25888,BRONZE,60677.57502222222,
140314_61338661_rev1,2025-01-02 13:48:01.920000+00:00,262.79,6.69,107.0,0.25888,BRONZE,60677.57502222222,
140436_11917698_rev0,2025-02-03 03:59:29.200000+00:00,253.2663,-1.2745,114.29,0.30465,BRONZE,60709.16631018518,
140436_11917698_rev1,2025-02-03 03:59:29.200000+00:00,253.3,-1.31,114.29,0.30465,BRONZE,60709.16631018518,
140472_78196104_rev0,2025-02-07 02:07:55.270000+00:00,130.2648,17.0426,159.11,0.46806,BRONZE,60713.08883414351,
140472_78196104_rev1,2025-02-07 02:07:55.270000+00:00,132.93,20.66,159.11,0.46806,BRONZE,60713.08883414351,
140601_60511904_rev0,2025-03-02 03:20:52.900000+00:00,348.3255,3.6783,1453.8,0.9723,GOLD,60736.139501157406,
140601_60511904_rev1,2025-03-02 03:20:52.900000+00:00,348.22,3.5499,1453.8,0.9723,GOLD,60736.139501157406,
140626_1288692_rev0,2025-03-09 07:36:04.750000+00:00,210.8008,-10.4397,4132.4,0.50757,GOLD,60743.31672164352,
140626_1288692_rev1,2025-03-09 07:36:04.750000+00:00,211.0699,-10.73,4132.4,0.50757,GOLD,60743.31672164352,
140729_49427574_rev0,2025-03-30 08:31:06.320000+00:00,307.3273,10.976,147.57,0.39274,BRONZE,60764.35493425925,
140729_49427574_rev1,2025-03-30 08:31:06.320000+00:00,307.5299,11.07,147.57,0.39274,BRONZE,60764.35493425925,
140752_31006975_rev0,2025-04-06 22:50:35.340000+00:00,81.8104,16.669,186.21,0.55963,GOLD,60771.95179791667,
140752_31006975_rev1,2025-04-06 22:50:35.340000+00:00,81.4699,16.96,186.21,0.55963,GOLD,60771.95179791667,
140799_37236133_rev0,2025-04-16 18:32:14.970000+00:00,83.091,15.4414,114.47,0.34842,BRONZE,60781.772395486114,
140799_37236133_rev1,2025-04-16 20:17:54+00:00,83.0999,15.64,114.47,0.34842,BRONZE,60781.84576388889,
140824_2517159_rev1,2025-04-21 17:06:08.070000+00:00,240.9099,28.67,151.43,0.48073,BRONZE,60786.71259340277,
140824_2517159_rev0,2025-04-21 17:06:08.070000+00:00,240.7203,28.6896,151.43,0.48073,BRONZE,60786.71259340277,
140843_52432631_rev1,2025-04-26 17:44:58.160000+00:00,296.37,20.6999,111.94,0.36116,BRONZE,60791.73956203704,
140843_52432631_rev0,2025-04-26 17:44:58.160000+00:00,296.2668,20.6912,111.94,0.36116,BRONZE,60791.73956203704,
140870_26727884_rev0,2025-04-29 15:23:15.620000+00:00,59.6563,25.2127,397.37,0.82016,GOLD,60794.64115300926,
140870_26727884_rev1,2025-04-29 15:23:15.620000+00:00,59.6799,25.32,397.37,0.82016,GOLD,60794.64115300926,
140896_73492707_rev0,2025-05-06 14:14:12.090000+00:00,116.4502,35.3241,123.2,0.44177,BRONZE,60801.593195486115,
140896_73492707_rev1,2025-05-06 14:14:12.090000+00:00,116.5,35.32,123.2,0.44177,BRONZE,60801.593195486115,
141104_37015490_rev0,2025-07-06 13:14:40.040000+00:00,265.977,38.9943,212.08,0.65223,GOLD,60862.55185231481,
141104_37015490_rev1,2025-07-06 13:14:40.040000+00:00,266.0,38.9699,212.08,0.65223,GOLD,60862.55185231481,
141112_11292662_rev0,2025-07-08 14:05:19.540000+00:00,223.1718,26.7547,115.72,0.40607,BRONZE,60864.58703171296,
141112_11292662_rev1,2025-07-08 18:56:33+00:00,222.71,26.4899,115.72,0.40607,BRONZE,60864.789270833324,
141198_19914656_rev1,2025-08-04 20:16:26.650000+00:00,79.5,16.6499,118.88,0.36889,BRONZE,60891.84475289353,
141198_19914656_rev0,2025-08-04 20:16:26.650000+00:00,79.4058,16.6229,118.88,0.36889,BRONZE,60891.84475289353,
141240_9390028_rev0,2025-08-13 03:21:09.690000+00:00,275.3571,8.5937,151.08,0.38274,BRONZE,60900.13969548612,
141240_9390028_rev1,2025-08-13 03:21:09.690000+00:00,275.36,8.2699,151.08,0.38274,BRONZE,60900.13969548612,
141300_5972385_rev0,2025-08-31 18:00:45.820000+00:00,105.6346,5.1002,159.04,0.38036,BRONZE,60918.75053032408,
141300_5972385_rev1,2025-08-31 18:00:45.820000+00:00,105.64,5.04,159.04,0.38036,BRONZE,60918.75053032408,
141315_25569816_rev0,2025-09-05 20:08:36+00:00,348.9545,38.2716,165.96,0.5425,BRONZE,60923.83930555556,
141315_25569816_rev1,2025-09-05 20:08:36+00:00,348.31,38.8699,165.96,0.5425,BRONZE,60923.83930555556,
141390_64842455_rev1,2025-09-26 12:28:55.170000+00:00,131.0,9.97,106.51,0.27874,BRONZE,60944.52008298611,
141390_64842455_rev0,2025-09-26 12:28:55.170000+00:00,131.0322,10.1019,106.51,0.27874,BRONZE,60944.52008298611,
141456_888784_rev0,2025-10-08 22:35:50.930000+00:00,32.6247,-37.3832,320.04,0.38646,BRONZE,60956.94156168982,
141456_888784_rev1,2025-10-08 22:35:50.930000+00:00,32.6247,-37.3832,0.0,0.0,BRONZE,60956.94156168982,
141484_75492250_rev0,2025-10-14 18:33:11.580000+00:00,2.8968,2.9117,157.0,0.38001,BRONZE,60962.77305069444,
141484_75492250_rev1,2025-10-14 18:33:11.580000+00:00,2.81,2.91,157.0,0.38001,BRONZE,60962.77305069444,
141495_22018019_rev0,2025-10-18 05:05:42.970000+00:00,321.3077,39.1859,192.26,0.6073,GOLD,60966.212302893524,
141495_22018019_rev1,2025-10-18 05:05:42.970000+00:00,321.11,41.31,192.26,0.6073,GOLD,60966.212302893524,
141518_18513107_rev0,2025-10-25 13:47:53.260000+00:00,145.697,15.3302,113.37,0.34222,BRONZE,60973.574921990745,
141518_18513107_rev1,2025-10-25 13:47:53.260000+00:00,145.6299,15.06,113.37,0.34222,BRONZE,60973.574921990745,
